player_name,pos,age,team,probability,probability_calibrated_raw,raw_score,tier,base_rate_multiple,base_rate,probability_saturated,expected_rank_delta,consensus_ecr_pos_rank,adp,sleeper_adp_pos_rank,adp_gap,implied_pts,edge,availability,shap_top3,rationale,section,draft_round,draft_pick,probability_heuristic,note
Cam Ward,QB,24.27104722792608,TEN,0.11967942833943726,0.10869552442764624,0.7311056509510264,Worth a flier,2.628431218624622,0.04553264604810997,0.0,5.8262448402081475,24.0,,,,,0.3852332186158608,,"expectation_pos_rank:+, team_change:+, draft_pick:+",Year-2 QB: boosted by a deep preseason ranking; boosted by a team change; boosted by draft position.,veteran,,,,
Daniel Jones,QB,29.26488706365503,IND,0.11778707431403358,0.10697684632191,0.7233080979695554,Worth a flier,2.5868708396516054,0.04553264604810997,0.0,3.4600846522495803,25.0,,,,,0.3837616590462319,,"expectation_pos_rank:+, team_change:+, draft_pick:+",Year-8 QB: boosted by a deep preseason ranking; boosted by a team change; boosted by draft position.,veteran,,,,
C.J. Stroud,QB,24.91170431211499,HOU,0.11622433095108464,0.10555752796671374,0.7167851576442379,Worth a flier,2.552549457114387,0.04553264604810997,0.0,4.539702740595914,22.0,,,,,0.36442071744736115,,"expectation_pos_rank:+, team_change:+, ppr_ppg_n1:+",Year-4 QB: boosted by a deep preseason ranking; boosted by a team change; boosted by ppr ppg.,veteran,,,,
Tyler Shough,QB,26.926762491444215,NO,0.1097238877930321,0.0996536805981197,0.6887919215255028,Worth a flier,2.4097850073790443,0.04553264604810997,0.0,2.4554077318140974,20.0,,,,,0.33405683834013344,,"expectation_pos_rank:+, team_change:+, rush_yard_share_n1:+",Year-2 QB: boosted by a deep preseason ranking; boosted by a team change; boosted by rush yard share.,veteran,,,,
Baker Mayfield,QB,31.383983572895275,TB,0.10923902433158596,0.0992133167950088,0.6866454336522517,Worth a flier,2.3991363079616232,0.04553264604810997,0.0,1.3025363504520189,18.0,,,,,0.32164764128803286,,"expectation_pos_rank:+, team_change:+, rush_yard_share_n1:+",Year-9 QB: boosted by a deep preseason ranking; boosted by a team change; boosted by rush yard share.,veteran,,,,
Bryce Young,QB,25.103353867214235,CAR,0.10885414838597615,0.09886376388246486,0.6849355459774159,Worth a flier,2.390683560778797,0.04553264604810997,0.0,3.681505081547833,26.0,,,,,0.3587655152680058,,"expectation_pos_rank:+, team_change:+, draft_pick:+",Year-4 QB: boosted by a deep preseason ranking; boosted by a team change; boosted by draft position.,veteran,,,,
Jared Goff,QB,31.88227241615332,DET,0.10763526556767211,0.09775674733843824,0.6794846613023265,Worth a flier,2.363914134354157,0.04553264604810997,0.0,0.06859048614296932,16.0,,,,,0.3049536706973632,,"expectation_pos_rank:+, team_change:+, ppr_ppg_n1:+",Year-11 QB: boosted by a deep preseason ranking; boosted by a team change; boosted by ppr ppg.,veteran,,,,
Sam Darnold,QB,29.24024640657084,SEA,0.10603377195162433,0.09630223513964895,0.672238431635274,Worth a flier,2.3287417085224664,0.04553264604810997,0.0,3.2057081675343237,23.0,,,,,0.3369810350971003,,"expectation_pos_rank:+, team_change:+, draft_pick:+",Year-9 QB: boosted by a deep preseason ranking; boosted by a team change; boosted by draft position.,veteran,,,,
Aaron Rodgers,QB,42.74880219028063,PIT,0.09905465495721201,0.08996364552341188,0.6394694714961305,Worth a flier,2.175464497550845,0.04553264604810997,0.0,4.275082561275699,28.0,,,,,0.333546326578169,,"expectation_pos_rank:+, team_change:+, ppr_ppg_n1:+",Year-11 QB: boosted by a deep preseason ranking; boosted by a team change; boosted by ppr ppg.,veteran,,,,
Jordan Love,QB,27.83025325119781,GB,0.08947875781908392,0.08126660229939238,0.5909407375244626,Long shot,1.9651561151210126,0.04553264604810997,0.0,-0.2509448161084717,19.0,,,,,0.2680544025961512,,"expectation_pos_rank:+, team_change:+, rush_yard_share_yoy_delta:-",Year-7 QB: boosted by a deep preseason ranking; boosted by a team change; held back by rush yard share trend.,veteran,,,,
Shedeur Sanders,QB,24.56399726214921,CLE,0.08101235942396506,0.07357723056408656,0.5439168629718804,Long shot,1.7792148371602892,0.04553264604810997,0.0,11.10029305153362,35.0,,,,,0.2903093242447921,,"expectation_pos_rank:+, team_change:+, rush_yard_share_n1:+",Year-2 QB: boosted by a deep preseason ranking; boosted by a team change; boosted by rush yard share.,veteran,,,,
Michael Penix Jr.,QB,26.316221765913756,ATL,0.07738087034530018,0.07027903123830756,0.5223477700835143,Long shot,1.6994591147533848,0.04553264604810997,0.0,8.522576184435232,32.0,,,,,0.2705627982751994,,"expectation_pos_rank:+, team_change:+, pass_attempts_pg_yoy_delta:-",Year-3 QB: boosted by a deep preseason ranking; boosted by a team change; held back by pass attempts pg trend.,veteran,,,,
Jacoby Brissett,QB,33.72210814510609,ARI,0.07481383090094479,0.06794758879659331,0.5065291266324962,Long shot,1.6430811163905608,0.04553264604810997,0.0,3.9297293900797596,27.0,,,,,0.24929498475161327,,"expectation_pos_rank:+, team_change:+, pass_attempts_pg_yoy_delta:-",Year-11 QB: boosted by a deep preseason ranking; boosted by a team change; held back by pass attempts pg trend.,veteran,,,,
Malik Willis,QB,27.27173169062286,MIA,0.062158698328170336,0.05645391531581994,0.420294504186133,Long shot,1.3651457519620804,0.04553264604810997,0.0,0.47066678366362147,21.0,,,,,0.1921351753778671,,"expectation_pos_rank:+, team_change:-, td_rate_n1:+",Year-5 QB: boosted by a deep preseason ranking; held back by a team change; boosted by td rate.,veteran,,,,
Deshaun Watson,QB,30.965092402464066,CLE,0.05701079584195393,0.05177847553301401,0.38040323085470823,Long shot,1.2520861577364977,0.04553264604810997,0.0,10.611435525090528,33.0,,,,,0.20104061993401756,,"expectation_pos_rank:+, team_change:-, draft_pick:+",Year-10 QB: boosted by a deep preseason ranking; held back by a team change; boosted by draft position.,veteran,,,,
J.J. McCarthy,QB,23.613963039014372,MIN,0.053144159954775776,0.04826671063440869,0.34813462407741064,Long shot,1.1671660790067735,0.04553264604810997,0.0,10.327356987495042,36.0,,,,,0.19189919913312972,,"expectation_pos_rank:-, team_change:+, rush_yard_share_n1:+",Year-3 QB: held back by a deep preseason ranking; boosted by a team change; boosted by rush yard share.,veteran,,,,
Kyler Murray,QB,29.06776180698152,MIN,0.050710281358958845,0.046056207843442665,0.32666002826893653,Long shot,1.1137125943741149,0.04553264604810997,0.0,1.61678269064705,17.0,,,,,0.146571565074903,,"expectation_pos_rank:+, team_change:-, sack_rate_yoy_delta:-",Year-8 QB: boosted by a deep preseason ranking; held back by a team change; held back by sack rate trend.,veteran,,,,
Jameis Winston,QB,32.65160848733744,NYG,0.04945122863931848,0.0449127080996503,0.3151632388649463,Long shot,1.0860609459654096,0.04553264604810997,0.0,9.899817123179163,47.0,,,,,0.19143564629916696,,"expectation_pos_rank:-, team_change:+, draft_pick:+",Year-11 QB: held back by a deep preseason ranking; boosted by a team change; boosted by draft position.,veteran,,,,
Geno Smith,QB,35.893223819301845,NYJ,0.04830574553315831,0.04387235481024492,0.3044585243327396,Long shot,1.0609035434074767,0.04553264604810997,0.0,7.960424325277659,29.0,,,,,0.16429737522661642,,"expectation_pos_rank:+, team_change:-, sack_rate_yoy_delta:-",Year-11 QB: boosted by a deep preseason ranking; held back by a team change; held back by sack rate trend.,veteran,,,,
Marcus Mariota,QB,32.837782340862425,WAS,0.0480508547964174,0.04364085736171748,0.3020436207548413,Long shot,1.0553055657175443,0.04553264604810997,0.0,10.001784309654987,48.0,,,,,0.1870052920382636,,"expectation_pos_rank:-, team_change:+, pass_attempts_pg_yoy_delta:-",Year-11 QB: held back by a deep preseason ranking; boosted by a team change; held back by pass attempts pg trend.,veteran,,,,
Carson Wentz,QB,33.67008898015058,MIN,0.04609923118963481,0.04186834930107607,0.28313733116055734,Long shot,1.0124434925421681,0.04553264604810997,0.0,10.22672042946104,53.0,,,,,0.1838890977743315,,"expectation_pos_rank:-, team_change:+, pass_attempts_pg_yoy_delta:-",Year-11 QB: held back by a deep preseason ranking; boosted by a team change; held back by pass attempts pg trend.,veteran,,,,
Joe Flacco,QB,41.62354551676933,CIN,0.04606929506880869,0.041841160648876836,0.28284140985394507,Long shot,1.0117860275489303,0.04553264604810997,0.0,10.6732176700697,46.0,,,,,0.17737358592164681,,"expectation_pos_rank:-, team_change:+, draft_pick:+",Year-11 QB: held back by a deep preseason ranking; boosted by a team change; boosted by draft position.,veteran,,,,
Tua Tagovailoa,QB,28.501026694045173,ATL,0.04541949752053137,0.04125100003178666,0.2763723581125546,Long shot,0.9975150021490286,0.04553264604810997,0.0,8.221621677351528,31.0,,,,,0.15741198324402872,,"expectation_pos_rank:+, team_change:-, sack_rate_yoy_delta:-",Year-7 QB: boosted by a deep preseason ranking; held back by a team change; held back by sack rate trend.,veteran,,,,
Mac Jones,QB,27.98904859685147,SF,0.04533691401216766,0.04117599584873517,0.2755438649912232,Long shot,0.9957012813238331,0.04553264604810997,0.0,10.724732886259472,40.0,,,,,0.16836189746616095,,"expectation_pos_rank:-, team_change:+, ppr_ppg_n1:+",Year-6 QB: held back by a deep preseason ranking; boosted by a team change; boosted by ppr ppg.,veteran,,,,
Kirk Cousins,QB,38.03422313483915,LV,0.04488172560849924,0.04076258359454396,0.27095124379872754,Long shot,0.985704313364021,0.04553264604810997,0.0,9.675232927711878,34.0,,,,,0.15957015613847755,,"expectation_pos_rank:+, team_change:-, draft_pick:-",Year-11 QB: boosted by a deep preseason ranking; held back by a team change; held back by draft position.,veteran,,,,
Anthony Richardson,QB,24.279260780287473,IND,0.041213008390389896,0.03743057284272017,0.23221607883747378,Long shot,0.9051309767247894,0.04553264604810997,0.0,9.924797631807856,44.0,,,,,0.1568840131302867,,"expectation_pos_rank:-, rush_yard_share_n1:-, draft_pick:+",Year-4 QB: held back by a deep preseason ranking; held back by rush yard share; boosted by draft position.,veteran,,,,
Trey Lance,QB,26.313483915126625,LAC,0.04061829855305414,0.036890444112591625,0.22562686210157704,Long shot,0.8920698021840568,0.04553264604810997,0.0,11.239059001343138,52.0,,,,,0.16126650228743672,,"expectation_pos_rank:-, team_change:+, draft_pick:+",Year-6 QB: held back by a deep preseason ranking; boosted by a team change; boosted by draft position.,veteran,,,,
Spencer Rattler,QB,25.924709103353866,NO,0.04001477310353329,0.03634230884697987,0.21884442728710926,Long shot,0.8788150168398631,0.04553264604810997,0.0,11.230012350245138,53.0,,,,,0.1596182915368835,,"expectation_pos_rank:-, team_change:+, rush_yard_share_yoy_delta:-",Year-3 QB: held back by a deep preseason ranking; boosted by a team change; held back by rush yard share trend.,veteran,,,,
Jaxson Dart,QB,23.304585900068446,NYG,0.038681391645287375,0.03513130208602611,0.2035039092762232,Long shot,0.8495309410398962,0.04553264604810997,0.0,-0.6530687135112627,11.0,,,,,0.0961196473224286,,"expectation_pos_rank:-, team_change:+, rush_yard_share_n1:+",Year-2 QB: held back by a deep preseason ranking; boosted by a team change; boosted by rush yard share.,veteran,,,,
Jalen Hurts,QB,28.0684462696783,PHI,0.03832806016776342,0.034810398562512154,0.19935345630668988,Long shot,0.841770981797672,0.04553264604810997,0.0,-1.5171597458611217,6.0,,,,,0.07458296127405353,,"expectation_pos_rank:-, team_change:+, pass_attempts_pg_yoy_delta:-",Year-7 QB: held back by a deep preseason ranking; boosted by a team change; held back by pass attempts pg trend.,veteran,,,,
Jayden Daniels,QB,25.702943189596166,WAS,0.038205474126885554,0.0346990631877898,0.19790486252482972,Long shot,0.8390787147866939,0.04553264604810997,0.0,-1.3058838495938283,5.0,,,,,0.06845502004319465,,"expectation_pos_rank:-, team_change:+, rush_yard_share_n1:+",Year-3 QB: held back by a deep preseason ranking; boosted by a team change; boosted by rush yard share.,veteran,,,,
Brock Purdy,QB,26.680355920602327,SF,0.037579734020853475,0.034130752075978155,0.1904399759693245,Long shot,0.8253360452881782,0.04553264604810997,0.0,-2.979552411265961,12.0,,,,,0.09639011463036358,,"expectation_pos_rank:-, team_change:+, rush_yard_share_n1:+",Year-5 QB: held back by a deep preseason ranking; boosted by a team change; boosted by rush yard share.,veteran,,,,
Zach Wilson,QB,27.080082135523615,NO,0.03743655290081626,0.034000711791306655,0.18871502078070998,Long shot,0.8221914637084928,0.04553264604810997,0.0,10.914277157306115,53.0,,,,,0.14933381227971557,,"expectation_pos_rank:-, team_change:-, draft_pick:+",Year-6 QB: held back by a deep preseason ranking; held back by a team change; boosted by draft position.,veteran,,,,
Bo Nix,QB,26.5160848733744,DEN,0.03738684486852352,0.03395556584840491,0.18811468124742356,Long shot,0.8210997627728561,0.04553264604810997,0.0,-1.1623875346266976,14.0,,,,,0.10124545276478225,,"expectation_pos_rank:-, team_change:+, rush_yard_share_n1:+",Year-3 QB: held back by a deep preseason ranking; boosted by a team change; boosted by rush yard share.,veteran,,,,
Mitchell Trubisky,QB,32.03285420944558,TEN,0.037363024623832536,0.0339339317712322,0.1878267236651233,Long shot,0.8205766162668126,0.04553264604810997,0.0,10.85811148849883,53.0,,,,,0.14904050915585615,,"expectation_pos_rank:-, td_rate_n1:+, pass_attempts_pg_yoy_delta:-",Year-10 QB: held back by a deep preseason ranking; boosted by td rate; held back by pass attempts pg trend.,veteran,,,,
Lamar Jackson,QB,29.648186173853524,BAL,0.03719567894868486,0.03378194469899047,0.18579871152664515,Long shot,0.8169013263447015,0.04553264604810997,0.0,-1.3431006971607935,2.0,,,,,0.04086362997837891,,"expectation_pos_rank:-, team_change:+, rush_yard_share_n1:+",Year-9 QB: held back by a deep preseason ranking; boosted by a team change; boosted by rush yard share.,veteran,,,,
Joe Burrow,QB,29.724845995893222,CIN,0.03708827771184987,0.03368440050176346,0.1844925040440445,Long shot,0.8145425520111932,0.04553264604810997,0.0,-2.7950954573779834,4.0,,,,,0.05969128025633582,,"expectation_pos_rank:-, team_change:+, draft_pick:+",Year-7 QB: held back by a deep preseason ranking; boosted by a team change; boosted by draft position.,veteran,,,,
Davis Mills,QB,27.863107460643395,HOU,0.03693759416635261,0.03354754634706289,0.18265373227978263,Long shot,0.8112332001817818,0.04553264604810997,0.0,11.215557539209136,53.0,,,,,0.14734347384804616,,"expectation_pos_rank:-, team_change:+, pass_attempts_pg_yoy_delta:-",Year-6 QB: held back by a deep preseason ranking; boosted by a team change; held back by pass attempts pg trend.,veteran,,,,
Caleb Williams,QB,24.78576317590691,CHI,0.03691653692686298,0.0335284216928004,0.18239619710456254,Long shot,0.8107707355258209,0.04553264604810997,0.0,-4.493135347630686,7.0,,,,,0.07676578046067654,,"expectation_pos_rank:-, team_change:+, rush_yard_share_n1:+",Year-3 QB: held back by a deep preseason ranking; boosted by a team change; boosted by rush yard share.,veteran,,,,
Justin Fields,QB,27.49349760438056,KC,0.03655643518965876,0.03320136926853827,0.17796997607644682,Long shot,0.8028620860521282,0.04553264604810997,0.0,10.896299328748215,41.0,,,,,0.13663587716113254,,"rush_yard_share_n1:+, expectation_pos_rank:-, team_change:-",Year-6 QB: boosted by rush yard share; held back by a deep preseason ranking; held back by a team change.,veteran,,,,
Dak Prescott,QB,33.09240246406571,DAL,0.03631001396663567,0.03297756402115165,0.17491673917955777,Long shot,0.7974501180596965,0.04553264604810997,0.0,-1.9022856756078255,10.0,,,,,0.08706761084583849,,"expectation_pos_rank:-, team_change:+, rush_yard_share_yoy_delta:-",Year-11 QB: held back by a deep preseason ranking; boosted by a team change; held back by rush yard share trend.,veteran,,,,
Drake Maye,QB,24.005475701574262,NE,0.03626541027950379,0.03293705395829895,0.17436194707238337,Long shot,0.7964705201008002,0.04553264604810997,0.0,-4.550910381361188,3.0,,,,,0.05027453377417542,,"expectation_pos_rank:-, rush_yard_share_n1:+, team_change:+",Year-3 QB: held back by a deep preseason ranking; boosted by rush yard share; boosted by a team change.,veteran,,,,
Dillon Gabriel,QB,25.675564681724847,CLE,0.036180722216591125,0.032860138371896365,0.17330675902934553,Long shot,0.7946105784926805,0.04553264604810997,0.0,10.684185291805989,53.0,,,,,0.1443243237151556,,"expectation_pos_rank:-, team_change:+, competition_draft_capital:+",Year-2 QB: held back by a deep preseason ranking; boosted by a team change; boosted by positional draft competition.,veteran,,,,
Tyler Huntley,QB,28.57494866529774,BAL,0.03610466676099392,0.032791063111875275,0.17235709518740325,Long shot,0.7929402284867343,0.04553264604810997,0.0,10.32987256191176,53.0,,,,,0.1440209397161242,,"expectation_pos_rank:-, team_change:+, draft_pick:-",Year-7 QB: held back by a deep preseason ranking; boosted by a team change; held back by draft position.,veteran,,,,
Andy Dalton,QB,38.841889117043124,PHI,0.0358749145573919,0.03258239703947309,0.16947651916930603,Long shot,0.7878943499019654,0.04553264604810997,0.0,9.661106019336453,53.0,,,,,0.14310446184129272,,"expectation_pos_rank:-, team_change:-, td_rate_n1:-",Year-11 QB: held back by a deep preseason ranking; held back by a team change; held back by td rate.,veteran,,,,
Will Levis,QB,27.1813826146475,TEN,0.03575279235173954,0.032471482930241255,0.16793811726649296,Long shot,0.7852122697627324,0.04553264604810997,0.0,10.87020236339201,53.0,,,,,0.14261731831121424,,"expectation_pos_rank:-, team_change:-, rush_yard_share_n1:-",Year-4 QB: held back by a deep preseason ranking; held back by a team change; held back by rush yard share.,veteran,,,,
Josh Allen,QB,30.28062970568104,BUF,0.03552560982615153,0.03226515069668856,0.1650626859335421,Long shot,0.7802228271252901,0.04553264604810997,0.0,-0.7505952960654965,1.0,,,,,0.02462447628866962,,"expectation_pos_rank:-, team_change:+, rush_yard_share_n1:+",Year-9 QB: held back by a deep preseason ranking; boosted by a team change; boosted by rush yard share.,veteran,,,,
Tyrod Taylor,QB,37.07871321013005,GB,0.03542227373104701,0.03217129855179166,0.16374888323473274,Long shot,0.7779533325082777,0.04553264604810997,0.0,10.26674848829115,51.0,,,,,0.13996203657767142,,"expectation_pos_rank:-, team_change:-, pass_attempts_pg_yoy_delta:-",Year-11 QB: held back by a deep preseason ranking; held back by a team change; held back by pass attempts pg trend.,veteran,,,,
Drew Lock,QB,29.806981519507186,SEA,0.03516318050146682,0.03193598430559559,0.16043844005093108,Long shot,0.7722630585605166,0.04553264604810997,0.0,9.924797631807856,53.0,,,,,0.1402653660468111,,"expectation_pos_rank:-, rush_yard_share_n1:-, team_change:+",Year-8 QB: held back by a deep preseason ranking; held back by rush yard share; boosted by a team change.,veteran,,,,
Quinn Ewers,QB,23.46611909650924,MIA,0.03511279971180824,0.03189022734945868,0.15979198478143156,Long shot,0.7711565823499016,0.04553264604810997,0.0,9.899979317617177,43.0,,,,,0.13287349268727283,,"expectation_pos_rank:-, team_change:+, expected_ppr_ppg_n1:-",Year-2 QB: held back by a deep preseason ranking; boosted by a team change; held back by expected ppr ppg.,veteran,,,,
Justin Herbert,QB,28.479123887748116,LAC,0.035072326268833345,0.03185346846641095,0.1592720044047906,Long shot,0.7702676939041888,0.04553264604810997,0.0,-3.0056881581902104,8.0,,,,,0.07706177726223534,,"expectation_pos_rank:-, team_change:+, rush_yard_share_n1:+",Year-7 QB: held back by a deep preseason ranking; boosted by a team change; boosted by rush yard share.,veteran,,,,
Kenny Pickett,QB,28.23819301848049,CAR,0.035015393795358514,0.03180176112499753,0.15853958437738716,Long shot,0.7690173278829681,0.04553264604810997,0.0,9.826978237391426,53.0,,,,,0.1396758472338508,,"expectation_pos_rank:-, team_change:-, draft_pick:+",Year-5 QB: held back by a deep preseason ranking; held back by a team change; boosted by draft position.,veteran,,,,
Matthew Stafford,QB,38.56536618754278,LA,0.034868408852996,0.031668266124104415,0.1566433264881668,Long shot,0.7657892057525912,0.04553264604810997,0.0,-4.025522662262103,15.0,,,,,0.09667575714826245,,"expectation_pos_rank:-, rush_yard_share_n1:-, team_change:+",Year-11 QB: held back by a deep preseason ranking; held back by rush yard share; boosted by a team change.,veteran,,,,
Patrick Mahomes,QB,30.95687885010267,KC,0.03481647250529862,0.031621096375483854,0.15597144470450888,Long shot,0.7646485659654262,0.04553264604810997,0.0,-2.014348316113388,13.0,,,,,0.09188266695645643,,"expectation_pos_rank:-, team_change:+, rush_yard_share_n1:+",Year-10 QB: held back by a deep preseason ranking; boosted by a team change; boosted by rush yard share.,veteran,,,,
Mason Rudolph,QB,31.208761122518823,PIT,0.034786403575065884,0.031593787102821264,0.15558201052570622,Long shot,0.7639881841769186,0.04553264604810997,0.0,9.733271985370388,53.0,,,,,0.13876240889828426,,"expectation_pos_rank:-, rush_yard_share_n1:-, team_change:+",Year-9 QB: held back by a deep preseason ranking; held back by rush yard share; boosted by a team change.,veteran,,,,
Teddy Bridgewater,QB,33.80698151950719,DET,0.03477844198127246,0.03158655620587712,0.15547884236352788,Long shot,0.7638133295509649,0.04553264604810997,0.0,10.880895695208947,53.0,,,,,0.13873065022765707,,"expectation_pos_rank:-, team_change:-, td_rate_n1:-",Year-11 QB: held back by a deep preseason ranking; held back by a team change; held back by td rate.,veteran,,,,
Aidan O'Connell,QB,28.0,LV,0.03460587190377143,0.031429824214968094,0.15323700655788097,Long shot,0.7600232999243385,0.04553264604810997,0.0,9.81464532113166,53.0,,,,,0.13804227094159108,,"expectation_pos_rank:-, team_change:+, draft_pick:-",Year-4 QB: held back by a deep preseason ranking; boosted by a team change; held back by draft position.,veteran,,,,
Gardner Minshew,QB,30.2943189596167,ARI,0.03457477956956001,0.031401585464000764,0.15283194038624112,Long shot,0.7593404418673179,0.04553264604810997,0.0,10.713709618455322,45.0,,,,,0.13237443233450288,,"expectation_pos_rank:-, team_change:-, td_rate_n1:-",Year-8 QB: held back by a deep preseason ranking; held back by a team change; held back by td rate.,veteran,,,,
Max Brosmer,QB,25.429158110882955,MIN,0.034500052979103205,0.03133371710892009,0.1518569704773402,Long shot,0.7576992767486062,0.04553264604810997,0.0,9.899979317617177,53.0,,,,,0.13762016093926496,,"expectation_pos_rank:-, team_change:+, expected_ppr_ppg_n1:-",Year-2 QB: held back by a deep preseason ranking; boosted by a team change; held back by expected ppr ppg.,veteran,,,,
Chris Oladokun,QB,28.993839835728952,KC,0.03426453710044163,0.031119816338358662,0.14877073159147158,Long shot,0.7525268148096992,0.04553264604810997,0.0,10.652337947927775,53.0,,,,,0.13668069185657136,,"expectation_pos_rank:-, team_change:+, pass_attempts_pg_yoy_delta:-",Year-5 QB: held back by a deep preseason ranking; boosted by a team change; held back by pass attempts pg trend.,veteran,,,,
Joe Milton III,QB,26.48870636550308,DAL,0.03405671668959289,0.030931069208986476,0.14603031880112072,Long shot,0.7479626080506815,0.04553264604810997,0.0,11.274236060003819,49.0,,,,,0.13323065917903607,,"expectation_pos_rank:-, team_change:+, ppr_ppg_n1:-",Year-3 QB: held back by a deep preseason ranking; boosted by a team change; held back by ppr ppg.,veteran,,,,
Jarrett Stidham,QB,30.064339493497602,DEN,0.03404687279521519,0.03092212876469592,0.14590011161230898,Long shot,0.7477464138420845,0.04553264604810997,0.0,10.82914059794076,53.0,,,,,0.1358124324155166,,"expectation_pos_rank:-, rush_yard_share_n1:-, expected_ppr_ppg_n1:-",Year-8 QB: held back by a deep preseason ranking; held back by rush yard share; held back by expected ppr ppg.,veteran,,,,
Brady Cook,QB,24.8870636550308,NYJ,0.03393453013041249,0.030820096652446057,0.14441154548314394,Long shot,0.7452791145622667,0.04553264604810997,0.0,10.139182506503266,53.0,,,,,0.1353642993178701,,"expectation_pos_rank:-, team_change:+, expected_ppr_ppg_n1:-",Year-2 QB: held back by a deep preseason ranking; boosted by a team change; held back by expected ppr ppg.,veteran,,,,
Tanner McKee,QB,26.34633812457221,PHI,0.03385327953856567,0.030746303053885423,0.1433319802494247,Long shot,0.7434946676017063,0.04553264604810997,0.0,9.699411778766384,53.0,,,,,0.13504019200321923,,"expectation_pos_rank:-, team_change:+, rush_yard_share_n1:-",Year-4 QB: held back by a deep preseason ranking; boosted by a team change; held back by rush yard share.,veteran,,,,
Cam Miller,QB,25.204654346338124,MIA,0.03380600892077618,0.03070337082516459,0.14270274719827705,Long shot,0.7424564978072353,0.04553264604810997,0.0,9.851458970877145,53.0,,,,,0.13485163026298574,,"expectation_pos_rank:-, team_change:-, rush_yard_share_n1:-",Year-2 QB: held back by a deep preseason ranking; held back by a team change; held back by rush yard share.,veteran,,,,
Skylar Thompson,QB,29.242984257357975,BAL,0.033787540771145215,0.030686597640021584,0.1424566807667433,Long shot,0.7420508954266609,0.04553264604810997,0.0,9.851458970877145,53.0,,,,,0.13477796110873824,,"expectation_pos_rank:-, team_change:-, rush_yard_share_n1:-",Year-5 QB: held back by a deep preseason ranking; held back by a team change; held back by rush yard share.,veteran,,,,
Trevor Lawrence,QB,26.90485968514716,JAX,0.03372171664193154,0.030626814698674464,0.14157859081940605,Long shot,0.7406052485133643,0.04553264604810997,0.0,-4.2364459747368794,9.0,,,,,0.0776471220498808,,"expectation_pos_rank:-, pass_attempts_pg_yoy_delta:-, team_change:+",Year-6 QB: held back by a deep preseason ranking; held back by pass attempts pg trend; boosted by a team change.,veteran,,,,
Adrian Martinez,QB,26.650239561943874,SF,0.03371081319065437,0.030616911941190685,0.14143297920815978,Long shot,0.7403657840362582,0.04553264604810997,0.0,10.93869503450338,53.0,,,,,0.1344718960142288,,"expectation_pos_rank:-, rush_yard_share_n1:-, expected_ppr_ppg_n1:-",Year-4 QB: held back by a deep preseason ranking; held back by rush yard share; held back by expected ppr ppg.,veteran,,,,
Kyle McCord,QB,23.95071868583162,GB,0.03369055332557804,0.03059851148014353,0.14116229495637947,Long shot,0.7399208315277893,0.04553264604810997,0.0,9.851458970877145,53.0,,,,,0.13439107973565378,,"expectation_pos_rank:-, team_change:-, rush_yard_share_n1:-",Year-2 QB: held back by a deep preseason ranking; held back by a team change; held back by rush yard share.,veteran,,,,
Josh Johnson,QB,40.2984257357974,CIN,0.0336596885710078,0.03057047942207898,0.14074961970328492,Long shot,0.7392429716349637,0.04553264604810997,0.0,11.267994910614378,53.0,,,,,0.13426796072207195,,"expectation_pos_rank:-, team_change:-, pass_attempts_pg_yoy_delta:-",Year-11 QB: held back by a deep preseason ranking; held back by a team change; held back by pass attempts pg trend.,veteran,,,,
Riley Leonard,QB,23.967145790554415,IND,0.03361486374354662,0.030529768514650075,0.1401496391097663,Long shot,0.7382585169337408,0.04553264604810997,0.0,9.899979317617177,50.0,,,,,0.13216778290741218,,"expectation_pos_rank:-, team_change:+, expected_ppr_ppg_n1:-",Year-2 QB: held back by a deep preseason ranking; boosted by a team change; held back by expected ppr ppg.,veteran,,,,
Kyle Allen,QB,30.483230663928815,BUF,0.03347940557302173,0.03040674238486733,0.138331810194845,Long shot,0.7352835488112697,0.04553264604810997,0.0,9.826978237391426,53.0,,,,,0.13354881471923874,,"expectation_pos_rank:-, team_change:-, td_rate_n1:-",Year-9 QB: held back by a deep preseason ranking; held back by a team change; held back by td rate.,veteran,,,,
Jalen Milroe,QB,23.718001368925393,SEA,0.03347066466456123,0.030398803696971916,0.1382142639220172,Long shot,0.7350915786707409,0.04553264604810997,0.0,9.899979317617177,37.0,,,,,0.12175242654065092,,"expectation_pos_rank:-, rush_yard_share_n1:-, expected_ppr_ppg_n1:-",Year-2 QB: held back by a deep preseason ranking; held back by rush yard share; held back by expected ppr ppg.,veteran,,,,
Nick Mullens,QB,31.449691991786448,JAX,0.03344338217066928,0.030374025127902642,0.1378471821729803,Long shot,0.7344923933331894,0.04553264604810997,0.0,10.799288273606257,53.0,,,,,0.13340511794195184,,"expectation_pos_rank:-, rush_yard_share_n1:-, team_change:+",Year-10 QB: held back by a deep preseason ranking; held back by rush yard share; boosted by a team change.,veteran,,,,
Kedon Slovis,QB,25.39082819986311,ARI,0.033288256199640875,0.03023313626331468,0.13575445611365514,Long shot,0.731085475780792,0.04553264604810997,0.0,10.727197063694575,53.0,,,,,0.13278632291831174,,"expectation_pos_rank:-, rush_yard_share_n1:-, team_change:+",Year-3 QB: held back by a deep preseason ranking; held back by rush yard share; boosted by a team change.,veteran,,,,
Tyson Bagent,QB,26.23134839151266,CHI,0.033249479291952114,0.030197918211428955,0.13522986048410568,Long shot,0.7302338470911747,0.04553264604810997,0.0,10.82914059794076,53.0,,,,,0.1326316424521662,,"expectation_pos_rank:-, rush_yard_share_n1:-, team_change:+",Year-4 QB: held back by a deep preseason ranking; held back by rush yard share; boosted by a team change.,veteran,,,,
Will Grier,QB,31.41409993155373,CAR,0.0330996737271978,0.03006186145840898,0.1331976232989034,Long shot,0.7269437777067591,0.04553264604810997,0.0,9.851458970877145,53.0,,,,,0.13203407044427468,,"expectation_pos_rank:-, team_change:-, rush_yard_share_n1:-",Year-8 QB: held back by a deep preseason ranking; held back by a team change; held back by rush yard share.,veteran,,,,
Carter Bradley,QB,26.480492813141684,JAX,0.0330083323372942,0.029978903172133062,0.13195412296166764,Long shot,0.724937713973782,0.04553264604810997,0.0,10.836820901294843,53.0,,,,,0.13166971109715822,,"expectation_pos_rank:-, team_change:-, td_rate_n1:+",Year-3 QB: held back by a deep preseason ranking; held back by a team change; boosted by td rate.,veteran,,,,
Sam Howell,QB,25.790554414784395,DAL,0.033001782531219,0.029972954492262834,0.13186482734652208,Long shot,0.724793865402621,0.04553264604810997,0.0,10.836820901294843,53.0,,,,,0.13164358402521614,,"expectation_pos_rank:-, team_change:-, rush_yard_share_n1:-",Year-5 QB: held back by a deep preseason ranking; held back by a team change; held back by rush yard share.,veteran,,,,
Sam Hartman,QB,27.093771389459274,WAS,0.03297523108268355,0.029948839874881058,0.13150266688300505,Long shot,0.7242107354762952,0.04553264604810997,0.0,9.626073117835674,53.0,,,,,0.13153767072059505,,"expectation_pos_rank:-, team_change:-, rush_yard_share_n1:-",Year-3 QB: held back by a deep preseason ranking; held back by a team change; held back by rush yard share.,veteran,,,,
Tommy DeVito,QB,28.0684462696783,NE,0.032957202769962,0.029932466159422993,0.13125660045147128,Long shot,0.7238147929101088,0.04553264604810997,0.0,9.626073117835674,53.0,,,,,0.13146575606876235,,"expectation_pos_rank:-, team_change:-, rush_yard_share_n1:-",Year-4 QB: held back by a deep preseason ranking; held back by a team change; held back by rush yard share.,veteran,,,,
Bailey Zappe,QB,27.35112936344969,NYJ,0.03287328641402199,0.029856251454494036,0.130109515922157,Long shot,0.7219717997343698,0.04553264604810997,0.0,9.626073117835674,53.0,,,,,0.13113101506367184,,"expectation_pos_rank:-, team_change:-, rush_yard_share_n1:-",Year-5 QB: held back by a deep preseason ranking; held back by a team change; held back by rush yard share.,veteran,,,,
Jake Browning,QB,30.390143737166323,TB,0.03284269772749243,0.02982847012757749,0.12969068163650968,Long shot,0.7213000029207771,0.04553264604810997,0.0,10.835412903907987,53.0,,,,,0.13100899728110008,,"expectation_pos_rank:-, team_change:-, pass_attempts_pg_yoy_delta:-",Year-8 QB: held back by a deep preseason ranking; held back by a team change; held back by pass attempts pg trend.,veteran,,,,
Sam Ehlinger,QB,27.920602327173167,DEN,0.03275551693910973,0.029749290592341104,0.12849488462724534,Long shot,0.7193853154174288,0.04553264604810997,0.0,10.836820901294843,53.0,,,,,0.1306612345070746,,"expectation_pos_rank:-, team_change:-, rush_yard_share_n1:-",Year-6 QB: held back by a deep preseason ranking; held back by a team change; held back by rush yard share.,veteran,,,,
Hendon Hooker,QB,28.632443531827516,TEN,0.03275551693910973,0.029749290592341104,0.12849488462724534,Long shot,0.7193853154174288,0.04553264604810997,0.0,10.87020236339201,53.0,,,,,0.1306612345070746,,"expectation_pos_rank:-, team_change:-, rush_yard_share_n1:-",Year-4 QB: held back by a deep preseason ranking; held back by a team change; held back by rush yard share.,veteran,,,,
Trevor Siemian,QB,34.68309377138946,ATL,0.032652526097820184,0.029655752014654542,0.12707825087210334,Long shot,0.7171234033558999,0.04553264604810997,0.0,9.851458970877145,53.0,,,,,0.13025040568422833,,"expectation_pos_rank:-, team_change:-, rush_yard_share_n1:-",Year-11 QB: held back by a deep preseason ranking; held back by a team change; held back by rush yard share.,veteran,,,,
Easton Stick,QB,30.962354551676935,IND,0.032652526097820184,0.029655752014654542,0.12707825087210334,Long shot,0.7171234033558999,0.04553264604810997,0.0,9.851458970877145,53.0,,,,,0.13025040568422833,,"expectation_pos_rank:-, team_change:-, rush_yard_share_n1:-",Year-8 QB: held back by a deep preseason ranking; held back by a team change; held back by rush yard share.,veteran,,,,
Sean Clifford,QB,28.134154688569474,CIN,0.032652526097820184,0.029655752014654542,0.12707825087210334,Long shot,0.7171234033558999,0.04553264604810997,0.0,10.87020236339201,53.0,,,,,0.13025040568422833,,"expectation_pos_rank:-, team_change:-, rush_yard_share_n1:-",Year-4 QB: held back by a deep preseason ranking; held back by a team change; held back by rush yard share.,veteran,,,,
Graham Mertz,QB,25.73579739904175,HOU,0.032652526097820184,0.029655752014654542,0.12707825087210334,Long shot,0.7171234033558999,0.04553264604810997,0.0,10.836820901294843,53.0,,,,,0.13025040568422833,,"expectation_pos_rank:-, team_change:-, rush_yard_share_n1:-",Year-2 QB: held back by a deep preseason ranking; held back by a team change; held back by rush yard share.,veteran,,,,
Connor Bazelak,QB,25.94113620807666,TB,0.032652526097820184,0.029655752014654542,0.12707825087210334,Long shot,0.7171234033558999,0.04553264604810997,0.0,10.836820901294843,53.0,,,,,0.13025040568422833,,"expectation_pos_rank:-, team_change:-, rush_yard_share_n1:-",Year-2 QB: held back by a deep preseason ranking; held back by a team change; held back by rush yard share.,veteran,,,,
DJ Uiagalelei,QB,25.374401095140314,LAC,0.032652526097820184,0.029655752014654542,0.12707825087210334,Long shot,0.7171234033558999,0.04553264604810997,0.0,10.836820901294843,53.0,,,,,0.13025040568422833,,"expectation_pos_rank:-, team_change:-, rush_yard_share_n1:-",Year-2 QB: held back by a deep preseason ranking; held back by a team change; held back by rush yard share.,veteran,,,,
Kurtis Rourke,QB,25.8507871321013,SF,0.032652526097820184,0.029655752014654542,0.12707825087210334,Long shot,0.7171234033558999,0.04553264604810997,0.0,10.836820901294843,53.0,,,,,0.13025040568422833,,"expectation_pos_rank:-, team_change:-, rush_yard_share_n1:-",Year-2 QB: held back by a deep preseason ranking; held back by a team change; held back by rush yard share.,veteran,,,,
Shane Buechele,QB,28.646132785763175,BUF,0.03262346193243999,0.029629355291826854,0.12667769105771629,Long shot,0.7164850884784933,0.04553264604810997,0.0,9.861673558187245,53.0,,,,,0.13013446919220004,,"expectation_pos_rank:-, team_change:-, td_rate_n1:-",Year-6 QB: held back by a deep preseason ranking; held back by a team change; held back by td rate.,veteran,,,,
Stetson Bennett,QB,28.843258042436688,LA,0.032593901921453367,0.029602508230967196,0.12626994251991083,Long shot,0.7158358837089003,0.04553264604810997,0.0,10.611435525090528,53.0,,,,,0.13001655477995813,,"expectation_pos_rank:-, team_change:-, rush_yard_share_n1:-",Year-4 QB: held back by a deep preseason ranking; held back by a team change; held back by rush yard share.,veteran,,,,
Will Howard,QB,24.93634496919918,PIT,0.03258700558473069,0.02959624482423889,0.12617476340093195,Long shot,0.715684424540123,0.04553264604810997,0.0,9.626073117835674,53.0,,,,,0.12998904540279163,,"expectation_pos_rank:-, team_change:-, rush_yard_share_n1:-",Year-2 QB: held back by a deep preseason ranking; held back by a team change; held back by rush yard share.,veteran,,,,
Case Keenum,QB,38.53798767967146,CHI,0.032573328074630876,0.029583822604699644,0.12598593679241188,Long shot,0.7153840354503836,0.04553264604810997,0.0,10.836820901294843,53.0,,,,,0.12993448603320676,,"expectation_pos_rank:-, team_change:-, rush_yard_share_n1:-",Year-11 QB: held back by a deep preseason ranking; held back by a team change; held back by rush yard share.,veteran,,,,
Brandon Allen,QB,33.987679671457904,NYG,0.03256568306958327,0.0295768792407111,0.1258803592069064,Long shot,0.7152161338300929,0.04553264604810997,0.0,9.802159923200747,53.0,,,,,0.12990399023003596,,"expectation_pos_rank:-, team_change:-, pass_attempts_pg_yoy_delta:-",Year-11 QB: held back by a deep preseason ranking; held back by a team change; held back by pass attempts pg trend.,veteran,,,,
Aaron Jones,RB,31.748117727583846,MIN,0.033592584547782814,0.047017770416474126,0.32223558958894283,Long shot,1.0557669429303171,0.031818181818181815,0.0,3.0099826057567407,39.0,,,,,0.12391899494890132,,"goal_line_carry_share_yoy_delta:+, expectation_pos_rank:+, rush_yards_pg_n1:-",Year-10 RB: boosted by goal line carry share trend; boosted by a deep preseason ranking; held back by rush yards pg.,veteran,,,,
Kyle Monangai,RB,24.23819301848049,CHI,0.03332108106429404,0.0466377612976226,0.2957614289304538,Long shot,1.0472339763063843,0.031818181818181815,0.0,2.156208145264496,35.0,,,,,0.11940672504372896,,"expectation_pos_rank:+, goal_line_carry_share_yoy_delta:+, carry_share_n1:+",Year-2 RB: boosted by a deep preseason ranking; boosted by goal line carry share trend; boosted by carry share.,veteran,,,,
Chuba Hubbard,RB,27.225188227241613,CAR,0.03320602015207426,0.04647671660197066,0.28447995806433785,Long shot,1.0436177762080483,0.031818181818181815,0.0,3.1472797592888,30.0,,,,,0.11402904831409892,,"goal_line_carry_share_yoy_delta:+, expectation_pos_rank:+, rush_yards_over_expected_per_att_n1:-",Year-6 RB: boosted by goal line carry share trend; boosted by a deep preseason ranking; held back by rush yards over expected per att.,veteran,,,,
DJ Giddens,RB,23.017111567419576,IND,0.03301441302869313,0.046208534208190266,0.2656105122900259,Long shot,1.0375958380446413,0.031818181818181815,0.0,14.870123130809425,78.0,,,,,0.14425475610868246,,"competition_draft_capital:+, goal_line_carry_share_yoy_delta:+, rec_yards_pg_n1:-",Year-2 RB: boosted by positional draft competition; boosted by goal line carry share trend; held back by rec yards pg.,veteran,,,,
Woody Marks,RB,25.672826830937712,HOU,0.03293007187278583,0.04609048633665871,0.25727155568365784,Long shot,1.0349451160018404,0.031818181818181815,0.0,0.09844438700098931,44.0,,,,,0.12535366938357448,,"goal_line_carry_share_yoy_delta:+, expectation_pos_rank:-, carry_share_n1:+",Year-2 RB: boosted by goal line carry share trend; held back by a deep preseason ranking; boosted by carry share.,veteran,,,,
Tony Pollard,RB,29.338809034907598,TEN,0.03288404671344732,0.0460260673464473,0.25271239203599105,Long shot,1.0334986109940587,0.031818181818181815,0.0,-3.9090334703876786,28.0,,,,,0.1107303133712716,,"expectation_pos_rank:+, goal_line_carry_share_yoy_delta:-, carry_share_n1:+",Year-8 RB: boosted by a deep preseason ranking; held back by goal line carry share trend; boosted by carry share.,veteran,,,,
RJ Harvey,RB,25.571526351813826,DEN,0.032833996590889016,0.04595601482731423,0.2477476250015084,Long shot,1.0319256071422263,0.031818181818181815,0.0,-2.562090663928493,32.0,,,,,0.11480431735320808,,"expectation_pos_rank:+, goal_line_carry_share_yoy_delta:+, efficiency_residual_pg_n1:-",Year-2 RB: boosted by a deep preseason ranking; boosted by goal line carry share trend; held back by efficiency residual pg.,veteran,,,,
Jacory Croskey-Merritt,RB,25.388090349075974,WAS,0.03266020009520378,0.045712761030581424,0.23045160677189583,Long shot,1.0264634315635475,0.031818181818181815,0.0,0.449211515758908,40.0,,,,,0.12128600676652215,,"expectation_pos_rank:+, rec_yards_pg_n1:-, goal_line_carry_share_yoy_delta:+",Year-2 RB: boosted by a deep preseason ranking; held back by rec yards pg; boosted by goal line carry share trend.,veteran,,,,
Quinshon Judkins,RB,22.84188911704312,CLE,0.03263296767011088,0.045674645240202726,0.22773353112503933,Long shot,1.0256075553463422,0.031818181818181815,0.0,-2.004276943308229,22.0,,,,,0.10232048137823561,,"expectation_pos_rank:-, goal_line_carry_share_yoy_delta:+, rush_yards_over_expected_per_att_n1:+",Year-2 RB: held back by a deep preseason ranking; boosted by goal line carry share trend; boosted by rush yards over expected per att.,veteran,,,,
Alvin Kamara,RB,31.104722792607802,NO,0.032539012815107786,0.04554314158064461,0.21833926329339434,Long shot,1.0226546884748162,0.031818181818181815,0.0,3.238932543306628,48.0,,,,,0.1266359905543183,,"goal_line_carry_share_yoy_delta:+, expectation_pos_rank:-, rush_yards_over_expected_per_att_n1:-",Year-10 RB: boosted by goal line carry share trend; held back by a deep preseason ranking; held back by rush yards over expected per att.,veteran,,,,
Rhamondre Stevenson,RB,28.520191649555098,NE,0.03249568480798023,0.04548249765225533,0.21399831835862737,Long shot,1.02129295110795,0.031818181818181815,0.0,-0.32071814688163414,29.0,,,,,0.11052423808422103,,"expectation_pos_rank:+, goal_line_carry_share_yoy_delta:-, efficiency_residual_pg_n1:-",Year-6 RB: boosted by a deep preseason ranking; held back by goal line carry share trend; held back by efficiency residual pg.,veteran,,,,
Ashton Jeanty,RB,22.748802190280628,LV,0.0324659055824417,0.04544081723949759,0.2110116009891094,Long shot,1.020357032591025,0.031818181818181815,0.0,-4.083042537170746,5.0,,,,,0.058171093754403894,,"expectation_pos_rank:-, goal_line_carry_share_yoy_delta:+, ppr_ppg_n1:-",Year-2 RB: held back by a deep preseason ranking; boosted by goal line carry share trend; held back by ppr ppg.,veteran,,,,
Breece Hall,RB,25.253935660506503,NYJ,0.032459234941317805,0.04543148069462865,0.2103422091360032,Long shot,1.0201473838699882,0.031818181818181815,0.0,1.0909449956333641,14.0,,,,,0.08790123771045956,,"expectation_pos_rank:-, goal_line_carry_share_yoy_delta:+, efficiency_residual_pg_n1:-",Year-5 RB: held back by a deep preseason ranking; boosted by goal line carry share trend; held back by efficiency residual pg.,veteran,,,,
Jonathon Brooks,RB,23.11567419575633,CAR,0.03245063455198738,0.045419443182883906,0.20947897569001994,Long shot,1.0198770859196034,0.031818181818181815,0.0,-4.367108825378156,36.0,,,,,0.11717657758044281,,"expectation_pos_rank:+, efficiency_residual_pg_n1:-, goal_line_carry_share_yoy_delta:+",Year-3 RB: boosted by a deep preseason ranking; held back by efficiency residual pg; boosted by goal line carry share trend.,veteran,,,,
Blake Corum,RB,25.765913757700204,LA,0.03240374114288986,0.04535380894923758,0.20476838024420238,Long shot,1.0184032930622529,0.031818181818181815,0.0,1.9312151794486045,38.0,,,,,0.11871310324220452,,"goal_line_carry_share_yoy_delta:-, expectation_pos_rank:+, rush_yards_over_expected_per_att_n1:+",Year-3 RB: held back by goal line carry share trend; boosted by a deep preseason ranking; boosted by rush yards over expected per att.,veteran,,,,
J.K. Dobbins,RB,27.707049965776864,DEN,0.03238966160492284,0.04533410256187219,0.2033527774167434,Long shot,1.0179607932975752,0.031818181818181815,0.0,0.7914677785555246,34.0,,,,,0.1151565205993605,,"expectation_pos_rank:+, goal_line_carry_share_yoy_delta:-, rec_yards_pg_n1:-",Year-7 RB: boosted by a deep preseason ranking; held back by goal line carry share trend; held back by rec yards pg.,veteran,,,,
Brock Lampe,RB,23.422313483915126,NE,0.03236168890155302,0.04529495064299856,0.20053857036394798,Long shot,1.0170816511916665,0.031818181818181815,0.0,51.20647542012468,141.0,,,,,0.16037893348799087,,"competition_draft_capital:+, efficiency_residual_pg_n1:-, age:+",Year-2 RB: boosted by positional draft competition; held back by efficiency residual pg; boosted by age.,veteran,,,,
Brashard Smith,RB,23.392197125256672,KC,0.03235131007349108,0.04528042394427688,0.19949381406749409,Long shot,1.016755459452577,0.031818181818181815,0.0,9.174569097104126,83.0,,,,,0.1433427281382132,,"goal_line_carry_share_yoy_delta:+, competition_draft_capital:-, age:+",Year-2 RB: boosted by goal line carry share trend; held back by positional draft competition; boosted by age.,veteran,,,,
Kenneth Gainwell,RB,27.468856947296374,TB,0.03232159771507801,0.04523883712191105,0.1965011345813488,Long shot,1.0158216424738804,0.031818181818181815,0.0,-2.9414552530526965,33.0,,,,,0.11397760627497502,,"expectation_pos_rank:+, goal_line_carry_share_yoy_delta:-, rush_yards_over_expected_per_att_n1:+",Year-6 RB: boosted by a deep preseason ranking; held back by goal line carry share trend; boosted by rush yards over expected per att.,veteran,,,,
Ulysses Bentley IV,RB,25.67008898015058,IND,0.03230506451049767,0.04521569646668396,0.19483474692086464,Long shot,1.0153020274727842,0.031818181818181815,0.0,55.57999810887952,141.0,,,,,0.1600983127986786,,"competition_draft_capital:+, goal_line_carry_share_yoy_delta:+, rec_yards_pg_n1:-",Year-2 RB: boosted by positional draft competition; boosted by goal line carry share trend; held back by rec yards pg.,veteran,,,,
Dylan Sampson,RB,21.963039014373717,CLE,0.03229858219037005,0.04520662350478986,0.19418116980872194,Long shot,1.0150982974116303,0.031818181818181815,0.0,4.909838276553342,49.0,,,,,0.12635279657143944,,"goal_line_carry_share_yoy_delta:+, competition_draft_capital:-, rush_yards_over_expected_per_att_n1:-",Year-2 RB: boosted by goal line carry share trend; held back by positional draft competition; held back by rush yards over expected per att.,veteran,,,,
Bucky Irving,RB,24.035592060232716,TB,0.032298545045939465,0.0452065715156877,0.19417742437757526,Long shot,1.0150971300152405,0.031818181818181815,0.0,1.2836204127534188,20.0,,,,,0.0983336450981834,,"expectation_pos_rank:-, goal_line_carry_share_yoy_delta:+, rush_yards_over_expected_per_att_n1:-",Year-3 RB: held back by a deep preseason ranking; boosted by goal line carry share trend; held back by rush yards over expected per att.,veteran,,,,
Jordan Mason,RB,27.274469541409992,MIN,0.0322956800816468,0.04520256157613774,0.19388852546024724,Long shot,1.0150070882803282,0.031818181818181815,0.0,-2.2526169035482764,41.0,,,,,0.12071058224297058,,"goal_line_carry_share_yoy_delta:-, expectation_pos_rank:+, rec_yards_pg_n1:-",Year-5 RB: held back by goal line carry share trend; boosted by a deep preseason ranking; held back by rec yards pg.,veteran,,,,
Jaylen Warren,RB,27.83299110198494,PIT,0.032216459173930234,0.045091680246185165,0.18589031470460768,Long shot,1.0125172883235218,0.031818181818181815,0.0,-5.89823515125385,27.0,,,,,0.10735183056124564,,"goal_line_carry_share_yoy_delta:-, expectation_pos_rank:+, rush_yards_over_expected_per_att_n1:+",Year-5 RB: held back by goal line carry share trend; boosted by a deep preseason ranking; boosted by rush yards over expected per att.,veteran,,,,
Kimani Vidal,RB,25.010266940451746,LAC,0.032196502937834486,0.04506374855412401,0.18387256137316332,Long shot,1.0118900923319412,0.031818181818181815,0.0,1.1641004724184638,58.0,,,,,0.13128244629184063,,"goal_line_carry_share_yoy_delta:-, expectation_pos_rank:-, rush_yards_over_expected_per_att_n1:+",Year-3 RB: held back by goal line carry share trend; held back by a deep preseason ranking; boosted by rush yards over expected per att.,veteran,,,,
Jack Westover,RB,27.23066392881588,NE,0.032185336007104014,0.045048118789626584,0.18274296512561805,Long shot,1.0115391316518405,0.031818181818181815,0.0,55.82170114232679,141.0,,,,,0.1595049590419942,,"competition_draft_capital:+, goal_line_carry_share_yoy_delta:+, rec_yards_pg_n1:-",Year-3 RB: boosted by positional draft competition; boosted by goal line carry share trend; held back by rec yards pg.,veteran,,,,
Omarion Hampton,RB,23.463381245722108,LAC,0.03217453704400437,0.045033004050031814,0.1816502355865052,Long shot,1.011199735668709,0.031818181818181815,0.0,-1.585487028289717,9.0,,,,,0.07408460937150918,,"expectation_pos_rank:-, goal_line_carry_share_yoy_delta:+, ppr_ppg_n1:-",Year-2 RB: held back by a deep preseason ranking; boosted by goal line carry share trend; held back by ppr ppg.,veteran,,,,
Rachaad White,RB,27.63586584531143,WAS,0.032146650702295186,0.04499397300702371,0.17882684472754093,Long shot,1.0103233077864202,0.031818181818181815,0.0,-3.283830044123867,37.0,,,,,0.11693621167622746,,"goal_line_carry_share_yoy_delta:-, expectation_pos_rank:+, rush_yards_pg_n1:-",Year-5 RB: held back by goal line carry share trend; boosted by a deep preseason ranking; held back by rush yards pg.,veteran,,,,
Devin Neal,RB,23.055441478439423,NO,0.03210954043305639,0.04494203171871106,0.17506594307602738,Long shot,1.0091569850389153,0.031818181818181815,0.0,7.445251740285434,82.0,,,,,0.14188694116327633,,"goal_line_carry_share_yoy_delta:+, efficiency_residual_pg_n1:-, age:+",Year-2 RB: boosted by goal line carry share trend; held back by efficiency residual pg; boosted by age.,veteran,,,,
Jaydon Blue,RB,22.647501711156742,DAL,0.03209865639363136,0.04492679790226679,0.17396212585070447,Long shot,1.0088149152284143,0.031818181818181815,0.0,15.977820490241722,65.0,,,,,0.13448228797225445,,"goal_line_carry_share_yoy_delta:+, competition_draft_capital:-, rec_yards_pg_n1:-",Year-2 RB: boosted by goal line carry share trend; held back by positional draft competition; held back by rec yards pg.,veteran,,,,
LeQuint Allen Jr.,RB,22.072553045859,JAX,0.032097305560470045,0.0449249072122736,0.17382510469078516,Long shot,1.0087724604719157,0.031818181818181815,0.0,14.691905065326399,75.0,,,,,0.13900487132408545,,"competition_draft_capital:-, rec_yards_pg_n1:-, goal_line_carry_share_yoy_delta:+",Year-2 RB: held back by positional draft competition; held back by rec yards pg; boosted by goal line carry share trend.,veteran,,,,
Bam Knight,RB,25.39082819986311,ARI,0.0320961192385373,0.04492324677997806,0.17370476612173338,Long shot,1.0087351760683152,0.031818181818181815,0.0,7.9823803226715215,93.0,,,,,0.1458221310675624,,"goal_line_carry_share_yoy_delta:+, expectation_pos_rank:-, competition_draft_capital:-",Year-5 RB: boosted by goal line carry share trend; held back by a deep preseason ranking; held back by positional draft competition.,veteran,,,,
TreVeyon Henderson,RB,23.860369609856264,NE,0.03207573780537798,0.044894719961992964,0.17163664441995427,Long shot,1.008094616740451,0.031818181818181815,0.0,-3.202471761448879,24.0,,,,,0.10324781698654217,,"expectation_pos_rank:-, efficiency_residual_pg_n1:-, goal_line_carry_share_yoy_delta:+",Year-2 RB: held back by a deep preseason ranking; held back by efficiency residual pg; boosted by goal line carry share trend.,veteran,,,,
Lan Larison,RB,24.889801505817932,NE,0.03207490633966208,0.04489355620324485,0.17155224828829305,Long shot,1.0080684849608084,0.031818181818181815,0.0,51.20647542012468,141.0,,,,,0.15895768870812357,,"competition_draft_capital:+, efficiency_residual_pg_n1:-, goal_line_carry_share_yoy_delta:+",Year-2 RB: boosted by positional draft competition; held back by efficiency residual pg; boosted by goal line carry share trend.,veteran,,,,
James Conner,RB,31.326488706365502,ARI,0.032046651746484044,0.04485400973806096,0.16868308689066958,Long shot,1.0071804834609273,0.031818181818181815,0.0,0.9676401849551759,57.0,,,,,0.13012360309542634,,"goal_line_carry_share_yoy_delta:+, expectation_pos_rank:-, competition_draft_capital:-",Year-10 RB: boosted by goal line carry share trend; held back by a deep preseason ranking; held back by positional draft competition.,veteran,,,,
Jawhar Jordan,RB,27.039014373716633,HOU,0.03204353837229497,0.04484965211226904,0.1683667864914378,Long shot,1.007082634557842,0.031818181818181815,0.0,55.80140695287366,114.0,,,,,0.15204441472914304,,"expectation_pos_rank:-, goal_line_carry_share_yoy_delta:+, carry_share_n1:-",Year-3 RB: held back by a deep preseason ranking; boosted by goal line carry share trend; held back by carry share.,veteran,,,,
Christian McCaffrey,RB,30.234086242299796,SF,0.03201969762461973,0.044816283474046016,0.1659437362430502,Long shot,1.0063333539166202,0.031818181818181815,0.0,-4.623569178558835,3.0,,,,,0.044388726261774286,,"expectation_pos_rank:-, goal_line_carry_share_yoy_delta:-, carry_share_yoy_delta:+",Year-10 RB: held back by a deep preseason ranking; held back by goal line carry share trend; boosted by carry share trend.,veteran,,,,
Trevor Etienne,RB,22.146475017111566,CAR,0.032016477671652895,0.04481177667555508,0.16561634509309842,Long shot,1.0062321553948053,0.031818181818181815,0.0,37.72336492253919,100.0,,,,,0.14775990297943536,,"competition_draft_capital:-, rec_yards_pg_n1:-, goal_line_carry_share_yoy_delta:+",Year-2 RB: held back by positional draft competition; held back by rec yards pg; boosted by goal line carry share trend.,veteran,,,,
Rico Dowdle,RB,28.216290212183434,PIT,0.03200446079984019,0.04479495729331284,0.16439424341396588,Long shot,1.0058544822806919,0.031818181818181815,0.0,-4.399592889574118,31.0,,,,,0.11091900884375261,,"goal_line_carry_share_yoy_delta:-, expectation_pos_rank:+, rush_yards_over_expected_per_att_n1:+",Year-7 RB: held back by goal line carry share trend; boosted by a deep preseason ranking; boosted by rush yards over expected per att.,veteran,,,,
Zavier Scott,RB,27.12662559890486,MIN,0.03200004192702368,0.04478877242988589,0.1639447392813811,Long shot,1.0057156034207444,0.031818181818181815,0.0,49.39049850190092,130.0,,,,,0.15600651874495045,,"goal_line_carry_share_yoy_delta:+, expectation_pos_rank:-, competition_draft_capital:-",Year-4 RB: boosted by goal line carry share trend; held back by a deep preseason ranking; held back by positional draft competition.,veteran,,,,
Kenneth Walker III,RB,25.864476386036962,KC,0.031990743779622334,0.04477575830293793,0.16299870399304495,Long shot,1.0054233759309879,0.031818181818181815,0.0,-2.196506806131651,11.0,,,,,0.07949401194964764,,"expectation_pos_rank:-, goal_line_carry_share_yoy_delta:-, carry_share_n1:+",Year-5 RB: held back by a deep preseason ranking; held back by goal line carry share trend; boosted by carry share.,veteran,,,,
Bhayshul Tuten,RB,24.54483230663929,JAX,0.03198179682294024,0.04476323571913356,0.16208815297744442,Long shot,1.005142185863836,0.031818181818181815,0.0,3.4799098957237247,25.0,,,,,0.10419978150852802,,"goal_line_carry_share_yoy_delta:+, carry_share_n1:-, rec_yards_pg_n1:-",Year-2 RB: boosted by goal line carry share trend; held back by carry share; held back by rec yards pg.,veteran,,,,
Jordan James,RB,22.425735797399042,SF,0.031975208311274185,0.04475401412653892,0.1614174707423818,Long shot,1.0049351183543316,0.031818181818181815,0.0,-2.318730993567463,76.0,,,,,0.13889408322741378,,"competition_draft_capital:-, expectation_pos_rank:-, age:+",Year-2 RB: held back by positional draft competition; held back by a deep preseason ranking; boosted by age.,veteran,,,,
Tyrone Tracy Jr.,RB,26.77344284736482,NYG,0.03196980045668327,0.044746445037437126,0.1608668758987958,Long shot,1.0047651572100456,0.031818181818181815,0.0,1.3976458654239905,42.0,,,,,0.12024481717637721,,"goal_line_carry_share_yoy_delta:-, expectation_pos_rank:-, carry_share_n1:+",Year-3 RB: held back by goal line carry share trend; held back by a deep preseason ranking; boosted by carry share.,veteran,,,,
Javonte Williams,RB,26.351813826146476,DAL,0.03194649298547152,0.04471382279817882,0.15849283475528028,Long shot,1.0040326366862478,0.031818181818181815,0.0,-4.189016645347189,17.0,,,,,0.0923372410890348,,"expectation_pos_rank:-, goal_line_carry_share_yoy_delta:-, ppr_ppg_n1:-",Year-6 RB: held back by a deep preseason ranking; held back by goal line carry share trend; held back by ppr ppg.,veteran,,,,
Reggie Gilliam,RB,29.032169746748803,NE,0.031919180806857385,0.044675595380999106,0.15570878229632676,Long shot,1.0031742539298036,0.031818181818181815,0.0,41.17460641576429,105.0,,,,,0.14885315562673027,,"competition_draft_capital:+, goal_line_carry_share_yoy_delta:-, rec_yards_pg_n1:-",Year-7 RB: boosted by positional draft competition; held back by goal line carry share trend; held back by rec yards pg.,veteran,,,,
Isiah Pacheco,RB,27.50171115674196,DET,0.03191726346252136,0.044672911775167225,0.1555132535252662,Long shot,1.0031139945363858,0.031818181818181815,0.0,2.397155728061307,50.0,,,,,0.12549311460835705,,"goal_line_carry_share_yoy_delta:-, expectation_pos_rank:-, competition_draft_capital:-",Year-5 RB: held back by goal line carry share trend; held back by a deep preseason ranking; held back by positional draft competition.,veteran,,,,
Tahj Brooks,RB,24.303901437371664,CIN,0.03191607140935649,0.044671243321168085,0.15539168354503582,Long shot,1.0030765300083468,0.031818181818181815,0.0,22.436990999388158,95.0,,,,,0.1456760628160546,,"expectation_pos_rank:-, rec_yards_pg_n1:-, goal_line_carry_share_yoy_delta:+",Year-2 RB: held back by a deep preseason ranking; held back by rec yards pg; boosted by goal line carry share trend.,veteran,,,,
Chase Brown,RB,26.4476386036961,CIN,0.03191501298457908,0.04466976189978127,0.1552837378530951,Long shot,1.0030432652296282,0.031818181818181815,0.0,-3.4053703651303207,6.0,,,,,0.06210374767392453,,"expectation_pos_rank:-, goal_line_carry_share_yoy_delta:-, ppr_ppg_n1:-",Year-4 RB: held back by a deep preseason ranking; held back by goal line carry share trend; held back by ppr ppg.,veteran,,,,
Saquon Barkley,RB,29.557837097878163,PHI,0.03189907387005316,0.044647452761097536,0.15365774073287064,Long shot,1.0025423216302423,0.031818181818181815,0.0,-2.1638497488066806,10.0,,,,,0.0764906384396465,,"expectation_pos_rank:-, goal_line_carry_share_yoy_delta:-, ppr_ppg_n1:-",Year-9 RB: held back by a deep preseason ranking; held back by goal line carry share trend; held back by ppr ppg.,veteran,,,,
Audric Estimé,RB,22.986995208761122,NO,0.03189665187783868,0.044644062826222804,0.15341059822424116,Long shot,1.0024662018749302,0.031818181818181815,0.0,43.34355363561292,97.0,,,,,0.146245111538367,,"goal_line_carry_share_yoy_delta:-, age:+, expectation_pos_rank:-",Year-3 RB: held back by goal line carry share trend; boosted by age; held back by a deep preseason ranking.,veteran,,,,
Damien Martinez,RB,22.584531143052704,GB,0.03187959944239419,0.044620195430916255,0.15167004410959742,Long shot,1.001930268189532,0.031818181818181815,0.0,49.184775514729175,122.0,,,,,0.15341050969222855,,"competition_draft_capital:-, expectation_pos_rank:-, age:+",Year-2 RB: held back by positional draft competition; held back by a deep preseason ranking; boosted by age.,veteran,,,,
Bijan Robinson,RB,24.585900068446268,ATL,0.031875066734933184,0.044613851239135964,0.15120723814944723,Long shot,1.0017878116693288,0.031818181818181815,0.0,-1.0929848657194503,2.0,,,,,0.03501834001711368,,"expectation_pos_rank:-, ppr_ppg_n1:-, goal_line_carry_share_yoy_delta:-",Year-4 RB: held back by a deep preseason ranking; held back by ppr ppg; held back by goal line carry share trend.,veteran,,,,
Terrell Jennings,RB,25.659137577002053,NE,0.03187184169487567,0.044609337320512275,0.1508779115981597,Long shot,1.0016864532675211,0.031818181818181815,0.0,51.73320970250745,127.0,,,,,0.15464314047039185,,"competition_draft_capital:+, goal_line_carry_share_yoy_delta:-, rec_yards_pg_n1:-",Year-3 RB: boosted by positional draft competition; held back by goal line carry share trend; held back by rec yards pg.,veteran,,,,
Trey Benson,RB,24.109514031485283,ARI,0.03184895014291521,0.044577297221512956,0.1485394160747889,Long shot,1.000967004491621,0.031818181818181815,0.0,5.265526918729584,74.0,,,,,0.13750746367064698,,"goal_line_carry_share_yoy_delta:-, expectation_pos_rank:-, rush_yards_over_expected_per_att_n1:-",Year-3 RB: held back by goal line carry share trend; held back by a deep preseason ranking; held back by rush yards over expected per att.,veteran,,,,
Kaleb Johnson,RB,23.04996577686516,PIT,0.03184676609211132,0.04457424032069221,0.1483162197772593,Long shot,1.0008983628949273,0.031818181818181815,0.0,13.905733152179426,81.0,,,,,0.14033975710122953,,"goal_line_carry_share_yoy_delta:+, rec_yards_pg_n1:-, competition_draft_capital:-",Year-2 RB: boosted by goal line carry share trend; held back by rec yards pg; held back by positional draft competition.,veteran,,,,
Kyren Williams,RB,26.015058179329227,LA,0.0318455556609611,0.044572546143995424,0.14819251501855757,Long shot,1.0008603207730633,0.031818181818181815,0.0,-1.7754871365848655,15.0,,,,,0.08829462847903997,,"expectation_pos_rank:-, goal_line_carry_share_yoy_delta:-, ppr_ppg_n1:-",Year-5 RB: held back by a deep preseason ranking; held back by goal line carry share trend; held back by ppr ppg.,veteran,,,,
De'Von Achane,RB,24.88432580424367,MIA,0.031845188900370136,0.04457203280852284,0.1481550315966456,Long shot,1.0008487940116328,0.031818181818181815,0.0,0.7440995653043829,8.0,,,,,0.06997103172180784,,"expectation_pos_rank:-, goal_line_carry_share_yoy_delta:+, ppr_ppg_n1:-",Year-4 RB: held back by a deep preseason ranking; boosted by goal line carry share trend; held back by ppr ppg.,veteran,,,,
Ollie Gordon II,RB,22.628336755646817,MIA,0.031825173479290654,0.044544018278358744,0.14610880449311686,Long shot,1.0002197379205635,0.031818181818181815,0.0,13.517885933207609,69.0,,,,,0.1352090981041618,,"rec_yards_pg_n1:-, competition_draft_capital:-, goal_line_carry_share_yoy_delta:+",Year-2 RB: held back by rec yards pg; held back by positional draft competition; boosted by goal line carry share trend.,veteran,,,,
Travis Etienne,RB,27.59753593429158,NO,0.03181195283883113,0.044525514044574624,0.14475655203971316,Long shot,0.9998042320775498,0.031818181818181815,0.0,-3.7556000052381076,18.0,,,,,0.09366835394205887,,"expectation_pos_rank:-, goal_line_carry_share_yoy_delta:-, ppr_ppg_n1:-",Year-6 RB: held back by a deep preseason ranking; held back by goal line carry share trend; held back by ppr ppg.,veteran,,,,
Zach Charbonnet,RB,25.645448323066393,SEA,0.031810733191289416,0.04452380696818032,0.14463177531299656,Long shot,0.9997659002976674,0.031818181818181815,0.0,-5.8851728145544095,46.0,,,,,0.12247601810508149,,"goal_line_carry_share_yoy_delta:-, expectation_pos_rank:-, carry_share_n1:+",Year-4 RB: held back by goal line carry share trend; held back by a deep preseason ranking; boosted by carry share.,veteran,,,,
Jarquez Hunter,RB,23.67419575633128,LA,0.03180877204182187,0.04452106205061417,0.1444311292514747,Long shot,0.9997042641715447,0.031818181818181815,0.0,4.410698422636586,94.0,,,,,0.14485323195144198,,"expectation_pos_rank:-, competition_draft_capital:-, efficiency_residual_pg_n1:-",Year-2 RB: held back by a deep preseason ranking; held back by positional draft competition; held back by efficiency residual pg.,veteran,,,,
Tyler Allgeier,RB,26.379192334017795,ARI,0.031806287337802254,0.044517584341330414,0.14417690115606466,Long shot,0.9996261734737852,0.031818181818181815,0.0,-6.080906226664872,43.0,,,,,0.12036102283713693,,"goal_line_carry_share_yoy_delta:-, expectation_pos_rank:-, rec_yards_pg_n1:-",Year-5 RB: held back by goal line carry share trend; held back by a deep preseason ranking; held back by rec yards pg.,veteran,,,,
Braelon Allen,RB,22.614647501711158,NYJ,0.03179825536765424,0.04450634241596221,0.1433549624618402,Long shot,0.9993737401262761,0.031818181818181815,0.0,12.629436290424902,55.0,,,,,0.12799916100661504,,"goal_line_carry_share_yoy_delta:-, age:+, expectation_pos_rank:-",Year-3 RB: held back by goal line carry share trend; boosted by age; held back by a deep preseason ranking.,veteran,,,,
James Cook,RB,26.934976043805612,BUF,0.031794681762669356,0.04450134062937746,0.14298919973799554,Long shot,0.9992614268267513,0.031818181818181815,0.0,-2.2024701798104056,7.0,,,,,0.06611518206178492,,"expectation_pos_rank:-, ppr_ppg_n1:-, goal_line_carry_share_yoy_delta:-",Year-5 RB: held back by a deep preseason ranking; held back by ppr ppg; held back by goal line carry share trend.,veteran,,,,
D'Andre Swift,RB,27.630390143737166,CHI,0.03178186451593346,0.04448340100453131,0.14167701680082626,Long shot,0.9988585990721947,0.031818181818181815,0.0,-0.6662064843922775,21.0,,,,,0.09823909246563257,,"expectation_pos_rank:-, goal_line_carry_share_yoy_delta:-, ppr_ppg_n1:-",Year-7 RB: held back by a deep preseason ranking; held back by goal line carry share trend; held back by ppr ppg.,veteran,,,,
Anthony Tyus III,RB,23.45242984257358,CAR,0.03177990833509629,0.04448066304129527,0.14147670576958535,Long shot,0.9987971191030263,0.031818181818181815,0.0,51.38712231648699,141.0,,,,,0.157495729615158,,"competition_draft_capital:-, expectation_pos_rank:-, age:+",Year-2 RB: held back by positional draft competition; held back by a deep preseason ranking; boosted by age.,veteran,,,,
Jonathan Taylor,RB,27.616700889801507,IND,0.03177887036749253,0.04447921025273643,0.14137041411406323,Long shot,0.998764497264051,0.031818181818181815,0.0,-3.7722438620418792,4.0,,,,,0.051146118783771066,,"expectation_pos_rank:-, goal_line_carry_share_yoy_delta:-, ppr_ppg_n1:-",Year-7 RB: held back by a deep preseason ranking; held back by goal line carry share trend; held back by ppr ppg.,veteran,,,,
Brian Robinson,RB,27.446954140999313,ATL,0.03176565390418515,0.044460711865492046,0.14001671074462893,Long shot,0.9983491227029619,0.031818181818181815,0.0,16.272515235819654,54.0,,,,,0.12729555904085055,,"goal_line_carry_share_yoy_delta:-, expectation_pos_rank:-, carry_share_n1:-",Year-5 RB: held back by goal line carry share trend; held back by a deep preseason ranking; held back by carry share.,veteran,,,,
MarShawn Lloyd,RB,25.65366187542779,GB,0.03176455913405287,0.044459179573427265,0.1399045542418641,Long shot,0.9983147156416617,0.031818181818181815,0.0,-1.8969550564870796,64.0,,,,,0.13259757128303748,,"expectation_pos_rank:-, competition_draft_capital:-, goal_line_carry_share_yoy_delta:+",Year-3 RB: held back by a deep preseason ranking; held back by positional draft competition; boosted by goal line carry share trend.,veteran,,,,
Ray Davis,RB,26.781656399726213,BUF,0.03176420592586344,0.044458685206536966,0.13986836814671424,Long shot,0.998303614812851,0.031818181818181815,0.0,14.21830304588622,56.0,,,,,0.1284243130403199,,"expectation_pos_rank:-, goal_line_carry_share_yoy_delta:-, competition_draft_capital:-",Year-3 RB: held back by a deep preseason ranking; held back by goal line carry share trend; held back by positional draft competition.,veteran,,,,
Malik Davis,RB,27.76454483230664,DAL,0.03175273021897064,0.04444262326431621,0.1386924759245367,Long shot,0.9979429497390774,0.031818181818181815,0.0,16.4003183292403,84.0,,,,,0.14106630680430796,,"expectation_pos_rank:-, goal_line_carry_share_yoy_delta:+, competition_draft_capital:-",Year-5 RB: held back by a deep preseason ranking; boosted by goal line carry share trend; held back by positional draft competition.,veteran,,,,
Jaylen Wright,RB,23.419575633127995,MIA,0.03174993906670497,0.04443871663557087,0.13840641099529719,Long shot,0.9978552278107278,0.031818181818181815,0.0,9.798305528531454,67.0,,,,,0.13396911253083352,,"goal_line_carry_share_yoy_delta:-, age:+, competition_draft_capital:-",Year-3 RB: held back by goal line carry share trend; boosted by age; held back by positional draft competition.,veteran,,,,
Raheim Sanders,RB,24.23271731690623,CLE,0.03174762076079033,0.044435471824946234,0.1381687898134639,Long shot,0.9977823667676962,0.031818181818181815,0.0,40.44183168126722,106.0,,,,,0.14835119771658248,,"expectation_pos_rank:-, goal_line_carry_share_yoy_delta:+, rec_yards_pg_n1:-",Year-2 RB: held back by a deep preseason ranking; boosted by goal line carry share trend; held back by rec yards pg.,veteran,,,,
Tank Bigsby,RB,25.00479123887748,PHI,0.031744054900642325,0.04443048087840153,0.13780326480973165,Long shot,0.9976702968773303,0.031818181818181815,0.0,13.821091343880356,53.0,,,,,0.12662652857192272,,"rec_yards_pg_n1:-, goal_line_carry_share_yoy_delta:+, competition_draft_capital:-",Year-4 RB: held back by rec yards pg; boosted by goal line carry share trend; held back by positional draft competition.,veteran,,,,
Frank Gore Jr.,RB,24.470910335386723,BUF,0.03173848641155901,0.04442268695766544,0.1372323783573278,Long shot,0.9974952872204262,0.031818181818181815,0.0,53.96421162617937,134.0,,,,,0.15568599690043125,,"expectation_pos_rank:-, competition_draft_capital:-, efficiency_residual_pg_n1:-",Year-3 RB: held back by a deep preseason ranking; held back by positional draft competition; held back by efficiency residual pg.,veteran,,,,
Emanuel Wilson,RB,27.318275154004105,SEA,0.031718188389917766,0.044394276886386794,0.135150598247653,Long shot,0.9968573493974157,0.031818181818181815,0.0,11.018727912531483,62.0,,,,,0.13141272777649704,,"goal_line_carry_share_yoy_delta:-, expectation_pos_rank:-, carry_share_n1:-",Year-4 RB: held back by goal line carry share trend; held back by a deep preseason ranking; held back by carry share.,veteran,,,,
Jerome Ford,RB,26.97056810403833,WAS,0.03170856372685615,0.044380805752675015,0.1341630416650552,Long shot,0.9965548599869076,0.031818181818181815,0.0,14.670541833476431,89.0,,,,,0.14268250169039076,,"goal_line_carry_share_yoy_delta:-, expectation_pos_rank:-, competition_draft_capital:-",Year-5 RB: held back by goal line carry share trend; held back by a deep preseason ranking; held back by positional draft competition.,veteran,,,,
David Montgomery,RB,29.234770704996578,HOU,0.03170559036239576,0.04437664409112248,0.13385789624255182,Long shot,0.9964614113895811,0.031818181818181815,0.0,-5.052981439218513,23.0,,,,,0.10076207289465475,,"goal_line_carry_share_yoy_delta:-, expectation_pos_rank:-, rush_yards_over_expected_per_att_n1:+",Year-8 RB: held back by goal line carry share trend; held back by a deep preseason ranking; boosted by rush yards over expected per att.,veteran,,,,
Keaton Mitchell,RB,24.621492128678987,LAC,0.03169546772463352,0.044362475968463225,0.13281884265741264,Long shot,0.996143271345625,0.031818181818181815,0.0,14.261657135140137,51.0,,,,,0.12523651775445857,,"expectation_pos_rank:-, goal_line_carry_share_yoy_delta:-, carry_share_n1:-",Year-4 RB: held back by a deep preseason ranking; held back by goal line carry share trend; held back by carry share.,veteran,,,,
Chris Rodriguez Jr.,RB,26.93223819301848,JAX,0.031691809605066366,0.0443573558912712,0.13244327155609503,Long shot,0.9960283018735144,0.031818181818181815,0.0,2.1101137592894528,45.0,,,,,0.12133657418360781,,"goal_line_carry_share_yoy_delta:-, expectation_pos_rank:-, carry_share_n1:-",Year-4 RB: held back by goal line carry share trend; held back by a deep preseason ranking; held back by carry share.,veteran,,,,
Will Shipley,RB,24.008213552361397,PHI,0.03169154120253552,0.04435698022239236,0.13241571362995844,Long shot,0.9960198663654022,0.031818181818181815,0.0,36.523055185552366,104.0,,,,,0.14749117619198376,,"goal_line_carry_share_yoy_delta:-, expectation_pos_rank:-, competition_draft_capital:-",Year-3 RB: held back by goal line carry share trend; held back by a deep preseason ranking; held back by positional draft competition.,veteran,,,,
Sincere McCormick,RB,25.973990417522245,SF,0.03169026603761414,0.04435519544124725,0.1322847844740805,Long shot,0.9959797897535875,0.031818181818181815,0.0,44.11520688069597,123.0,,,,,0.15275600519023083,,"expectation_pos_rank:-, competition_draft_capital:-, efficiency_residual_pg_n1:-",Year-5 RB: held back by a deep preseason ranking; held back by positional draft competition; held back by efficiency residual pg.,veteran,,,,
Corey Kiner,RB,24.61054072553046,ARI,0.03168086989361403,0.04434204415362396,0.13131986869109002,Long shot,0.9956844823707268,0.031818181818181815,0.0,50.226450058952764,141.0,,,,,0.1570049122271176,,"expectation_pos_rank:-, goal_line_carry_share_yoy_delta:+, rec_yards_pg_n1:-",Year-2 RB: held back by a deep preseason ranking; boosted by goal line carry share trend; held back by rec yards pg.,veteran,,,,
Jahmyr Gibbs,RB,24.451745379876797,DET,0.03168059706717858,0.044341662292838965,0.13129184731975332,Long shot,0.9956759078256127,0.031818181818181815,0.0,-1.1459249104493638,1.0,,,,,0.021959316535570504,,"expectation_pos_rank:-, goal_line_carry_share_yoy_delta:-, ppr_ppg_n1:-",Year-4 RB: held back by a deep preseason ranking; held back by goal line carry share trend; held back by ppr ppg.,veteran,,,,
Hunter Luepke,RB,26.507871321013006,DAL,0.031678009129757746,0.04433804009320345,0.13102603481604105,Long shot,0.9955945726495292,0.031818181818181815,0.0,41.17296037389417,112.0,,,,,0.14975423448107508,,"expectation_pos_rank:-, goal_line_carry_share_yoy_delta:-, carry_share_n1:-",Year-4 RB: held back by a deep preseason ranking; held back by goal line carry share trend; held back by carry share.,veteran,,,,
Kendall Milton,RB,24.555783709787818,CIN,0.03167237016040857,0.04433014752495321,0.13044677266917037,Long shot,0.9954173478985551,0.031818181818181815,0.0,57.737999054924444,141.0,,,,,0.15696278901931557,,"expectation_pos_rank:-, goal_line_carry_share_yoy_delta:+, rec_yards_pg_n1:-",Year-3 RB: held back by a deep preseason ranking; boosted by goal line carry share trend; held back by rec yards pg.,veteran,,,,
Josh Jacobs,RB,28.553045859000683,GB,0.03166926528870056,0.044325801799636,0.13012778327704053,Long shot,0.9953197662163034,0.031818181818181815,0.0,-0.7863628407915662,16.0,,,,,0.08972578501240276,,"expectation_pos_rank:-, goal_line_carry_share_yoy_delta:-, ppr_ppg_n1:-",Year-8 RB: held back by a deep preseason ranking; held back by goal line carry share trend; held back by ppr ppg.,veteran,,,,
Chris Brooks,RB,26.639288158795345,GB,0.03166658353207541,0.04432204828620405,0.12985224002488938,Long shot,0.9952354824366558,0.031818181818181815,0.0,16.850252921938065,77.0,,,,,0.1379620839852962,,"expectation_pos_rank:-, goal_line_carry_share_yoy_delta:-, competition_draft_capital:-",Year-4 RB: held back by a deep preseason ranking; held back by goal line carry share trend; held back by positional draft competition.,veteran,,,,
Isaiah Davis,RB,24.525667351129364,NYJ,0.031664609946442206,0.04431928596239216,0.12964944521541946,Long shot,0.9951734554596123,0.031818181818181815,0.0,13.985195594452696,70.0,,,,,0.13497609563306148,,"goal_line_carry_share_yoy_delta:-, expectation_pos_rank:-, competition_draft_capital:-",Year-3 RB: held back by goal line carry share trend; held back by a deep preseason ranking; held back by positional draft competition.,veteran,,,,
Tyjae Spears,RB,25.21286789869952,TEN,0.03165575900432848,0.04430689776511962,0.12873982279519633,Long shot,0.994895282993181,0.031818181818181815,0.0,-3.3515666553083316,47.0,,,,,0.12254580625861299,,"goal_line_carry_share_yoy_delta:-, expectation_pos_rank:-, rush_yards_over_expected_per_att_n1:-",Year-4 RB: held back by goal line carry share trend; held back by a deep preseason ranking; held back by rush yards over expected per att.,veteran,,,,
Ty Chandler,RB,28.306639288158795,NO,0.031654064265276616,0.04430452572817369,0.12856562467184587,Long shot,0.9948420197658366,0.031818181818181815,0.0,45.11905297948499,107.0,,,,,0.14820848276184853,,"goal_line_carry_share_yoy_delta:-, expectation_pos_rank:-, competition_draft_capital:-",Year-5 RB: held back by goal line carry share trend; held back by a deep preseason ranking; held back by positional draft competition.,veteran,,,,
Roschon Johnson,RB,25.582477754962355,CHI,0.03165048719665056,0.0442995190937129,0.12819791724969107,Long shot,0.9947295976090178,0.031818181818181815,0.0,46.59063920690198,126.0,,,,,0.15332088135813762,,"goal_line_carry_share_yoy_delta:+, expectation_pos_rank:-, competition_draft_capital:-",Year-4 RB: boosted by goal line carry share trend; held back by a deep preseason ranking; held back by positional draft competition.,veteran,,,,
Lucas Scott,RB,23.019849418206707,BAL,0.03163792446044689,0.044281935693847176,0.12690620738483782,Long shot,0.9943347687569023,0.031818181818181815,0.0,49.30717961323992,141.0,,,,,0.15679208208742745,,"competition_draft_capital:-, age:+, expectation_pos_rank:-",Year-2 RB: held back by positional draft competition; boosted by age; held back by a deep preseason ranking.,veteran,,,,
Dameon Pierce,RB,26.532511978097194,PHI,0.03163517697298552,0.04427809018042748,0.12662364349877794,Long shot,0.9942484191509736,0.031818181818181815,0.0,48.78990945531507,125.0,,,,,0.1529966340176579,,"expectation_pos_rank:-, goal_line_carry_share_yoy_delta:-, competition_draft_capital:-",Year-5 RB: held back by a deep preseason ranking; held back by goal line carry share trend; held back by positional draft competition.,veteran,,,,
Jacardia Wright,RB,25.930184804928132,SEA,0.03163216798401784,0.044273878657129326,0.1263141587774382,Long shot,0.9941538509262752,0.031818181818181815,0.0,50.25214776708265,141.0,,,,,0.15676355398578395,,"expectation_pos_rank:-, goal_line_carry_share_yoy_delta:+, rec_yards_pg_n1:-",Year-2 RB: held back by a deep preseason ranking; boosted by goal line carry share trend; held back by rec yards pg.,veteran,,,,
Sean Tucker,RB,24.851471594798085,TB,0.03162886910397035,0.0442692613885627,0.12597482551027359,Long shot,0.9940501718390683,0.031818181818181815,0.0,9.209642045467323,60.0,,,,,0.13002229135287044,,"goal_line_carry_share_yoy_delta:-, expectation_pos_rank:-, competition_draft_capital:-",Year-4 RB: held back by goal line carry share trend; held back by a deep preseason ranking; held back by positional draft competition.,veteran,,,,
Isaac Guerendo,RB,26.17659137577002,SF,0.03162579412916293,0.04426495750836181,0.12565849345071803,Long shot,0.9939535297736921,0.031818181818181815,0.0,23.10690019634537,96.0,,,,,0.14467886760656948,,"expectation_pos_rank:-, competition_draft_capital:-, carry_share_n1:-",Year-3 RB: held back by a deep preseason ranking; held back by positional draft competition; held back by carry share.,veteran,,,,
Amar Johnson,RB,23.58384668035592,LAC,0.03161792788909242,0.04425394754664988,0.12484913576963123,Long shot,0.993706305085762,0.031818181818181815,0.0,58.337730500236944,141.0,,,,,0.15669298253804975,,"expectation_pos_rank:-, competition_draft_capital:-, rec_yards_pg_n1:-",Year-2 RB: held back by a deep preseason ranking; held back by positional draft competition; held back by rec yards pg.,veteran,,,,
Samaje Perine,RB,30.9596167008898,CIN,0.031616971062560326,0.044252608326973274,0.12475067475882755,Long shot,0.9936762333947532,0.031818181818181815,0.0,6.4929002935340545,80.0,,,,,0.1389391717591712,,"goal_line_carry_share_yoy_delta:-, expectation_pos_rank:-, carry_share_n1:-",Year-10 RB: held back by goal line carry share trend; held back by a deep preseason ranking; held back by carry share.,veteran,,,,
Donovan Edwards,RB,23.515400410677618,MIA,0.031605207006685905,0.0442361427978776,0.12353987731960299,Long shot,0.9933065059244143,0.031818181818181815,0.0,51.38712231648699,141.0,,,,,0.15662994004482297,,"competition_draft_capital:-, age:+, expectation_pos_rank:-",Year-2 RB: held back by positional draft competition; boosted by age; held back by a deep preseason ranking.,veteran,,,,
Cam Skattebo,RB,24.569472963723477,NYG,0.03160336370142948,0.04423356282064392,0.12335011899879374,Long shot,0.993248573473498,0.031818181818181815,0.0,-2.461124026228193,19.0,,,,,0.09467521659323701,,"expectation_pos_rank:-, efficiency_residual_pg_n1:-, goal_line_carry_share_yoy_delta:+",Year-2 RB: held back by a deep preseason ranking; held back by efficiency residual pg; boosted by goal line carry share trend.,veteran,,,,
Kye Robichaux,RB,23.904175222450377,DET,0.03160313626222225,0.04423324448597056,0.12332670462920481,Long shot,0.9932414253841279,0.031818181818181815,0.0,53.69136540425554,141.0,,,,,0.1566196777933806,,"expectation_pos_rank:-, competition_draft_capital:-, efficiency_residual_pg_n1:-",Year-2 RB: held back by a deep preseason ranking; held back by positional draft competition; held back by efficiency residual pg.,veteran,,,,
Kendre Miller,RB,24.22450376454483,NO,0.03159696254545587,0.04422460345993919,0.12269107257753102,Long shot,0.993047394285756,0.031818181818181815,0.0,23.506833042407145,86.0,,,,,0.14110913155657615,,"goal_line_carry_share_yoy_delta:-, expectation_pos_rank:-, competition_draft_capital:-",Year-4 RB: held back by goal line carry share trend; held back by a deep preseason ranking; held back by positional draft competition.,veteran,,,,
Jordan Waters,RB,25.702943189596166,LA,0.03159625777849346,0.044223617034759896,0.12261850381700364,Long shot,0.9930252444669374,0.031818181818181815,0.0,53.69136540425554,141.0,,,,,0.15658558921760218,,"expectation_pos_rank:-, competition_draft_capital:-, efficiency_residual_pg_n1:-",Year-2 RB: held back by a deep preseason ranking; held back by positional draft competition; held back by efficiency residual pg.,veteran,,,,
Nate Carter,RB,24.279260780287473,ATL,0.031596021878598106,0.04422328685810721,0.12259421322597715,Long shot,0.9930178304702263,0.031818181818181815,0.0,56.56611642552991,141.0,,,,,0.15658442013851792,,"expectation_pos_rank:-, competition_draft_capital:-, rec_yards_pg_n1:-",Year-2 RB: held back by a deep preseason ranking; held back by positional draft competition; held back by rec yards pg.,veteran,,,,
Sione Vaki,RB,25.089664613278575,DET,0.03159602062906187,0.04422328510919719,0.1225940845608831,Long shot,0.9930177911990874,0.031818181818181815,0.0,50.22693643285413,115.0,,,,,0.15019453374030284,,"goal_line_carry_share_yoy_delta:-, expectation_pos_rank:-, competition_draft_capital:-",Year-3 RB: held back by goal line carry share trend; held back by a deep preseason ranking; held back by positional draft competition.,veteran,,,,
Emari Demercado,RB,27.613963039014372,KC,0.03159528938797547,0.04422226162958161,0.1225187876300075,Long shot,0.992994809336372,0.031818181818181815,0.0,19.667308098633292,88.0,,,,,0.14181976505907862,,"goal_line_carry_share_yoy_delta:-, expectation_pos_rank:-, competition_draft_capital:-",Year-4 RB: held back by goal line carry share trend; held back by a deep preseason ranking; held back by positional draft competition.,veteran,,,,
Tyler Goodson,RB,25.806981519507186,ATL,0.03159339659715341,0.044219612390009364,0.12232387655757304,Long shot,0.9929353216248217,0.031818181818181815,0.0,49.584604355827764,129.0,,,,,0.15378194634355039,,"expectation_pos_rank:-, goal_line_carry_share_yoy_delta:-, competition_draft_capital:-",Year-5 RB: held back by a deep preseason ranking; held back by goal line carry share trend; held back by positional draft competition.,veteran,,,,
George Holani,RB,26.71047227926078,SEA,0.03159227701236937,0.04421804536618412,0.12220858151777138,Long shot,0.992900134674466,0.031818181818181815,0.0,14.73564457788732,71.0,,,,,0.13510962072136987,,"goal_line_carry_share_yoy_delta:-, expectation_pos_rank:-, competition_draft_capital:-",Year-3 RB: held back by goal line carry share trend; held back by a deep preseason ranking; held back by positional draft competition.,veteran,,,,
Elijah Mitchell,RB,28.334017796030118,PHI,0.031591631384467196,0.04421714171483107,0.12214209287024795,Long shot,0.9928798435118262,0.031818181818181815,0.0,55.798729035393194,133.0,,,,,0.15473074954022173,,"rec_yards_pg_n1:-, expectation_pos_rank:-, competition_draft_capital:-",Year-6 RB: held back by rec yards pg; held back by a deep preseason ranking; held back by positional draft competition.,veteran,,,,
Jaleel McLaughlin,RB,25.965776865160848,DEN,0.03158992530006331,0.04421475379839378,0.12196638907691741,Long shot,0.9928262237162756,0.031818181818181815,0.0,15.55829589597065,91.0,,,,,0.14284296337165878,,"expectation_pos_rank:-, goal_line_carry_share_yoy_delta:-, carry_share_n1:-",Year-4 RB: held back by a deep preseason ranking; held back by goal line carry share trend; held back by carry share.,veteran,,,,
Jacob Saylors,RB,26.483230663928815,DET,0.03158350713965939,0.044205770637484015,0.12130532363068629,Long shot,0.992624510103581,0.031818181818181815,0.0,57.35478601171155,141.0,,,,,0.1565223992566666,,"expectation_pos_rank:-, goal_line_carry_share_yoy_delta:+, competition_draft_capital:-",Year-4 RB: held back by a deep preseason ranking; boosted by goal line carry share trend; held back by positional draft competition.,veteran,,,,
Jabari Small,RB,25.582477754962355,DET,0.03158307115108223,0.04420516040724715,0.1212604125047847,Long shot,0.9926108076054415,0.031818181818181815,0.0,53.69136540425554,141.0,,,,,0.1565202385726791,,"expectation_pos_rank:-, competition_draft_capital:-, efficiency_residual_pg_n1:-",Year-3 RB: held back by a deep preseason ranking; held back by positional draft competition; held back by efficiency residual pg.,veteran,,,,
Evan Hull,RB,25.848049281314168,HOU,0.031580602551745295,0.04420170523883911,0.12100611125942722,Long shot,0.9925332230548523,0.031818181818181815,0.0,58.98557290746351,141.0,,,,,0.15650800462129075,,"expectation_pos_rank:-, goal_line_carry_share_yoy_delta:+, rec_yards_pg_n1:-",Year-4 RB: held back by a deep preseason ranking; boosted by goal line carry share trend; held back by rec yards pg.,veteran,,,,
Josh Williams,RB,26.22861054072553,TB,0.0315797569496692,0.044200521694172545,0.12091899772119108,Long shot,0.9925066469896034,0.031818181818181815,0.0,58.337730500236944,141.0,,,,,0.15650381396364207,,"expectation_pos_rank:-, rec_yards_pg_n1:-, competition_draft_capital:-",Year-2 RB: held back by a deep preseason ranking; held back by rec yards pg; held back by positional draft competition.,veteran,,,,
Cody Schrader,RB,26.981519507186857,DEN,0.03157844202201903,0.04419868125923126,0.12078353005779648,Long shot,0.9924653206920268,0.031818181818181815,0.0,46.31755558980242,141.0,,,,,0.15649729740961457,,"expectation_pos_rank:-, competition_draft_capital:-, efficiency_residual_pg_n1:-",Year-3 RB: held back by a deep preseason ranking; held back by positional draft competition; held back by efficiency residual pg.,veteran,,,,
Kyle Juszczyk,RB,35.35934291581109,SF,0.031574441819581106,0.044193082386671204,0.12037138451002631,Long shot,0.9923396000439777,0.031818181818181815,0.0,35.62317959798113,111.0,,,,,0.14898396808746606,,"expectation_pos_rank:-, competition_draft_capital:-, efficiency_residual_pg_n1:-",Year-11 RB: held back by a deep preseason ranking; held back by positional draft competition; held back by efficiency residual pg.,veteran,,,,
Kenny McIntosh,RB,26.496919917864474,SEA,0.03157414963546779,0.04419267343196456,0.1203412784866172,Long shot,0.9923304171147022,0.031818181818181815,0.0,45.297106905110034,141.0,,,,,0.15647602508420227,,"expectation_pos_rank:-, competition_draft_capital:-, efficiency_residual_pg_n1:-",Year-4 RB: held back by a deep preseason ranking; held back by positional draft competition; held back by efficiency residual pg.,veteran,,,,
Tyler Badie,RB,27.564681724845997,DEN,0.0315715412964677,0.04418902267731362,0.12007250906447724,Long shot,0.9922484407461278,0.031818181818181815,0.0,47.245008577581174,141.0,,,,,0.15646309860721022,,"goal_line_carry_share_yoy_delta:-, expectation_pos_rank:-, competition_draft_capital:-",Year-5 RB: held back by goal line carry share trend; held back by a deep preseason ranking; held back by positional draft competition.,veteran,,,,
Ben VanSumeren,RB,26.324435318275153,BUF,0.031566067652779875,0.04418136150667969,0.11950842300715929,Long shot,0.9920764119445105,0.031818181818181815,0.0,53.96421162617937,141.0,,,,,0.15643597217571842,,"expectation_pos_rank:-, competition_draft_capital:-, efficiency_residual_pg_n1:-",Year-4 RB: held back by a deep preseason ranking; held back by positional draft competition; held back by efficiency residual pg.,veteran,,,,
Jeremy McNichols,RB,30.68309377138946,WAS,0.0315576217116611,0.04416954016795807,0.11863784393333841,Long shot,0.9918109680807775,0.031818181818181815,0.0,48.85942851471496,119.0,,,,,0.1510818533664169,,"expectation_pos_rank:-, goal_line_carry_share_yoy_delta:-, competition_draft_capital:-",Year-10 RB: held back by a deep preseason ranking; held back by goal line carry share trend; held back by positional draft competition.,veteran,,,,
Israel Abanikanda,RB,23.906913073237508,DAL,0.03155387702553676,0.044164298928117615,0.11825178322976522,Long shot,0.9916932779454412,0.031818181818181815,0.0,53.69136540425554,141.0,,,,,0.15637555753537788,,"expectation_pos_rank:-, competition_draft_capital:-, efficiency_residual_pg_n1:-",Year-4 RB: held back by a deep preseason ranking; held back by positional draft competition; held back by efficiency residual pg.,veteran,,,,
Dylan Laube,RB,26.715947980835043,LV,0.03155076482127297,0.04415994293980847,0.11793089537730334,Long shot,0.9915954658114362,0.031818181818181815,0.0,46.23712167455335,116.0,,,,,0.15025022985480013,,"goal_line_carry_share_yoy_delta:-, expectation_pos_rank:-, competition_draft_capital:-",Year-3 RB: held back by goal line carry share trend; held back by a deep preseason ranking; held back by positional draft competition.,veteran,,,,
Robbie Ouzts,RB,23.98631074606434,SEA,0.031549937464385114,0.044158784931970445,0.11784558459379035,Long shot,0.9915694631663894,0.031818181818181815,0.0,48.93044862462659,141.0,,,,,0.15635603375162746,,"expectation_pos_rank:-, rec_yards_pg_n1:-, competition_draft_capital:-",Year-2 RB: held back by a deep preseason ranking; held back by rec yards pg; held back by positional draft competition.,veteran,,,,
Kalel Mullings,RB,23.90965092402464,TEN,0.03154953851861312,0.044158226548596004,0.1178044475611919,Long shot,0.9915569248706981,0.031818181818181815,0.0,53.54859170629163,141.0,,,,,0.1563540566453761,,"rec_yards_pg_n1:-, expectation_pos_rank:-, competition_draft_capital:-",Year-2 RB: held back by rec yards pg; held back by a deep preseason ranking; held back by positional draft competition.,veteran,,,,
AJ Dillon,RB,28.334017796030118,CAR,0.03153648965075769,0.044139962735874214,0.11645864849027132,Long shot,0.9911468175952418,0.031818181818181815,0.0,56.45907983495374,141.0,,,,,0.15628938871298712,,"goal_line_carry_share_yoy_delta:+, expectation_pos_rank:-, competition_draft_capital:-",Year-7 RB: boosted by goal line carry share trend; held back by a deep preseason ranking; held back by positional draft competition.,veteran,,,,
Carson Steele,RB,23.917864476386036,PHI,0.03153478139248964,0.0441375717767938,0.1162824274231905,Long shot,0.991093129478246,0.031818181818181815,0.0,51.38712231648699,141.0,,,,,0.15628092288044093,,"expectation_pos_rank:-, competition_draft_capital:-, rec_yards_pg_n1:-",Year-3 RB: held back by a deep preseason ranking; held back by positional draft competition; held back by rec yards pg.,veteran,,,,
Adam Prentice,RB,29.623545516769337,DEN,0.03153426153392369,0.0441368441581532,0.11622879787554603,Long shot,0.9910767910661732,0.031818181818181815,0.0,46.31755558980242,141.0,,,,,0.15627834655129366,,"expectation_pos_rank:-, competition_draft_capital:-, efficiency_residual_pg_n1:-",Year-6 RB: held back by a deep preseason ranking; held back by positional draft competition; held back by efficiency residual pg.,veteran,,,,
Derrick Henry,RB,32.6570841889117,BAL,0.031529130670042003,0.044129662758350986,0.1156994434606499,Long shot,0.9909155353441773,0.031818181818181815,0.0,-2.780303777632522,12.0,,,,,0.08087062345344506,,"expectation_pos_rank:-, goal_line_carry_share_yoy_delta:-, ppr_ppg_n1:-",Year-11 RB: held back by a deep preseason ranking; held back by goal line carry share trend; held back by ppr ppg.,veteran,,,,
Michael Carter,RB,27.32101300479124,TEN,0.03152572803310054,0.04412490026672737,0.11534834597753614,Long shot,0.9908085953260171,0.031818181818181815,0.0,49.17308043301254,113.0,,,,,0.14931210419487762,,"goal_line_carry_share_yoy_delta:-, expectation_pos_rank:-, rush_yards_over_expected_per_att_n1:-",Year-6 RB: held back by goal line carry share trend; held back by a deep preseason ranking; held back by rush yards over expected per att.,veteran,,,,
Ty Johnson,RB,28.9555099247091,BUF,0.031523082089475095,0.04412119687886392,0.11507530210869561,Long shot,0.9907254370977888,0.031818181818181815,0.0,9.823591622357897,73.0,,,,,0.13567739725151934,,"goal_line_carry_share_yoy_delta:-, expectation_pos_rank:-, rush_yards_over_expected_per_att_n1:-",Year-8 RB: held back by goal line carry share trend; held back by a deep preseason ranking; held back by rush yards over expected per att.,veteran,,,,
Phil Mafah,RB,23.854893908281998,DAL,0.031520457411623,0.044117523255582825,0.11480443112834883,Long shot,0.9906429472224373,0.031818181818181815,0.0,38.52107248021741,102.0,,,,,0.1460887776879068,,"expectation_pos_rank:-, goal_line_carry_share_yoy_delta:+, rush_yards_over_expected_per_att_n1:-",Year-2 RB: held back by a deep preseason ranking; boosted by goal line carry share trend; held back by rush yards over expected per att.,veteran,,,,
Chris Collier,RB,26.439425051334702,LV,0.031518715989632164,0.044115085878987194,0.11462470170232834,Long shot,0.9905882168170109,0.031818181818181815,0.0,46.64143864644304,141.0,,,,,0.15620130552226857,,"expectation_pos_rank:-, competition_draft_capital:-, efficiency_residual_pg_n1:-",Year-3 RB: held back by a deep preseason ranking; held back by positional draft competition; held back by efficiency residual pg.,veteran,,,,
Jaret Patterson,RB,26.691307323750856,LAC,0.03151320919796107,0.044107378312867825,0.1140562920503243,Long shot,0.9904151462216337,0.031818181818181815,0.0,59.89185342504163,141.0,,,,,0.1561740148151044,,"expectation_pos_rank:-, competition_draft_capital:-, goal_line_carry_share_yoy_delta:+",Year-6 RB: held back by a deep preseason ranking; held back by positional draft competition; boosted by goal line carry share trend.,veteran,,,,
C.J. Ham,RB,33.111567419575636,MIN,0.03151275587055828,0.04410674381439041,0.11400949548910515,Long shot,0.9904008987889746,0.031818181818181815,0.0,49.30717961323992,141.0,,,,,0.15617176820289572,,"expectation_pos_rank:-, competition_draft_capital:-, efficiency_residual_pg_n1:-",Year-11 RB: held back by a deep preseason ranking; held back by positional draft competition; held back by efficiency residual pg.,veteran,,,,
Andrew Beck,RB,30.297056810403834,NYJ,0.031508233557022,0.04410041417043885,0.11354262616054063,Long shot,0.9902587689349773,0.031818181818181815,0.0,51.38712231648699,141.0,,,,,0.15614935639910965,,"expectation_pos_rank:-, competition_draft_capital:-, efficiency_residual_pg_n1:-",Year-8 RB: held back by a deep preseason ranking; held back by positional draft competition; held back by efficiency residual pg.,veteran,,,,
Scott Matlock,RB,26.17659137577002,LAC,0.031504773601291815,0.0440955714527271,0.11318538812738861,Long shot,0.9901500274691715,0.031818181818181815,0.0,53.5641891194655,141.0,,,,,0.15613220945688389,,"expectation_pos_rank:-, competition_draft_capital:-, efficiency_residual_pg_n1:-",Year-4 RB: held back by a deep preseason ranking; held back by positional draft competition; held back by efficiency residual pg.,veteran,,,,
Patrick Taylor,RB,28.34223134839151,SF,0.03150270456707793,0.044092675534566535,0.11297174389652069,Long shot,0.9900850006795923,0.031818181818181815,0.0,46.31755558980242,141.0,,,,,0.15612195568114362,,"expectation_pos_rank:-, competition_draft_capital:-, efficiency_residual_pg_n1:-",Year-7 RB: held back by a deep preseason ranking; held back by positional draft competition; held back by efficiency residual pg.,veteran,,,,
Devin Singletary,RB,28.993839835728952,NYG,0.03148996765034403,0.044074848343391156,0.11165626110611364,Long shot,0.989684697582241,0.031818181818181815,0.0,12.668522974497002,87.0,,,,,0.14099119144761313,,"goal_line_carry_share_yoy_delta:-, expectation_pos_rank:-, carry_share_n1:-",Year-8 RB: held back by goal line carry share trend; held back by a deep preseason ranking; held back by carry share.,veteran,,,,
Ahmani Marshall,RB,24.449007529089663,CLE,0.031489577746382315,0.0440743026153621,0.11161598338964134,Long shot,0.98967244345773,0.031818181818181815,0.0,51.45472256673113,141.0,,,,,0.15605690142796,,"expectation_pos_rank:-, competition_draft_capital:-, efficiency_residual_pg_n1:-",Year-2 RB: held back by a deep preseason ranking; held back by positional draft competition; held back by efficiency residual pg.,veteran,,,,
Pierre Strong,RB,27.72621492128679,GB,0.031489243863906745,0.044073835297655115,0.11158149240613724,Long shot,0.9896619500084978,0.031818181818181815,0.0,51.38712231648699,141.0,,,,,0.15605524676415353,,"expectation_pos_rank:-, competition_draft_capital:-, efficiency_residual_pg_n1:-",Year-5 RB: held back by a deep preseason ranking; held back by positional draft competition; held back by efficiency residual pg.,veteran,,,,
Salvon Ahmed,RB,27.67419575633128,CHI,0.031487642442790495,0.044071593872906246,0.11141605632464709,Long shot,0.9896116196305585,0.031818181818181815,0.0,53.69136540425554,141.0,,,,,0.156047310398055,,"expectation_pos_rank:-, competition_draft_capital:-, efficiency_residual_pg_n1:-",Year-7 RB: held back by a deep preseason ranking; held back by positional draft competition; held back by efficiency residual pg.,veteran,,,,
British Brooks,RB,26.78713210130048,HOU,0.03145557056843338,0.0440267045604092,0.10810115479502315,Long shot,0.9886036464364777,0.031818181818181815,0.0,54.27953347875257,141.0,,,,,0.15588836773532802,,"goal_line_carry_share_yoy_delta:-, expectation_pos_rank:-, competition_draft_capital:-",Year-3 RB: held back by goal line carry share trend; held back by a deep preseason ranking; held back by positional draft competition.,veteran,,,,
Max Hurleman,RB,24.867898699520875,PIT,0.03145535236294633,0.0440263991496874,0.10807859035775462,Long shot,0.988596788549742,0.031818181818181815,0.0,51.45472256673113,141.0,,,,,0.15588728634667118,,"expectation_pos_rank:-, competition_draft_capital:-, efficiency_residual_pg_n1:-",Year-2 RB: held back by a deep preseason ranking; held back by positional draft competition; held back by efficiency residual pg.,veteran,,,,
Rasheen Ali,RB,25.53867214236824,BAL,0.03145132934921639,0.04402076834936397,0.10766254729353573,Long shot,0.9884703509753724,0.031818181818181815,0.0,46.12339412140442,120.0,,,,,0.1508339879394213,,"goal_line_carry_share_yoy_delta:-, expectation_pos_rank:-, competition_draft_capital:-",Year-3 RB: held back by goal line carry share trend; held back by a deep preseason ranking; held back by positional draft competition.,veteran,,,,
Travis Homer,RB,28.0684462696783,PIT,0.031438794992419666,0.04400322467065868,0.10636597156006948,Long shot,0.9880764140474754,0.031818181818181815,0.0,50.49982843114515,141.0,,,,,0.15580523088181242,,"expectation_pos_rank:-, goal_line_carry_share_yoy_delta:-, competition_draft_capital:-",Year-8 RB: held back by a deep preseason ranking; held back by goal line carry share trend; held back by positional draft competition.,veteran,,,,
Alec Ingold,RB,30.146475017111566,LAC,0.03143736966492583,0.044001229714873774,0.10621850197237044,Long shot,0.9880316180405262,0.031818181818181815,0.0,53.5641891194655,141.0,,,,,0.1557981672052525,,"expectation_pos_rank:-, competition_draft_capital:-, efficiency_residual_pg_n1:-",Year-8 RB: held back by a deep preseason ranking; held back by positional draft competition; held back by efficiency residual pg.,veteran,,,,
Dante Miller,RB,27.301848049281315,NYG,0.03141853102010417,0.04397486225642703,0.10426878747747281,Long shot,0.9874395463461311,0.031818181818181815,0.0,53.96421162617937,141.0,,,,,0.1557048061395168,,"expectation_pos_rank:-, competition_draft_capital:-, rec_yards_pg_n1:-",Year-3 RB: held back by a deep preseason ranking; held back by positional draft competition; held back by rec yards pg.,veteran,,,,
Kene Nwangwu,RB,28.55852156057495,NYJ,0.03141839029765604,0.043974665294631815,0.1042542191446999,Long shot,0.9874351236406186,0.031818181818181815,0.0,55.39995202733655,141.0,,,,,0.15570410874340074,,"goal_line_carry_share_yoy_delta:-, expectation_pos_rank:-, competition_draft_capital:-",Year-6 RB: held back by goal line carry share trend; held back by a deep preseason ranking; held back by positional draft competition.,veteran,,,,
Lew Nichols III,RB,25.04312114989733,PIT,0.031411200269263966,0.04396460179077293,0.10350978648704119,Long shot,0.9872091513197248,0.031818181818181815,0.0,54.71545610143323,141.0,,,,,0.15566847620615037,,"expectation_pos_rank:-, competition_draft_capital:-, carry_share_n1:-",Year-4 RB: held back by a deep preseason ranking; held back by positional draft competition; held back by carry share.,veteran,,,,
Michael Burton,RB,34.58179329226557,CLE,0.03141035753781998,0.04396342226397887,0.10342252211196767,Long shot,0.9871826654743424,0.031818181818181815,0.0,51.45472256673113,141.0,,,,,0.155664299774858,,"expectation_pos_rank:-, competition_draft_capital:-, efficiency_residual_pg_n1:-",Year-11 RB: held back by a deep preseason ranking; held back by positional draft competition; held back by efficiency residual pg.,veteran,,,,
Carlos Washington,RB,27.682409308692677,MIA,0.03141001759796395,0.043962946468075643,0.10338732089560987,Long shot,0.9871719816502956,0.031818181818181815,0.0,51.38712231648699,141.0,,,,,0.1556626150917215,,"expectation_pos_rank:-, competition_draft_capital:-, rec_yards_pg_n1:-",Year-4 RB: held back by a deep preseason ranking; held back by positional draft competition; held back by rec yards pg.,veteran,,,,
Ronnie Rivers,RB,27.58384668035592,LA,0.031408959513495885,0.04396146552300189,0.1032777525398902,Long shot,0.9871387275670136,0.031818181818181815,0.0,51.51960382177015,141.0,,,,,0.15565737140808544,,"goal_line_carry_share_yoy_delta:-, expectation_pos_rank:-, carry_share_n1:-",Year-5 RB: held back by goal line carry share trend; held back by a deep preseason ranking; held back by carry share.,veteran,,,,
Gary Brightwell,RB,28.50650239561944,CIN,0.03140719776598962,0.04395899969785338,0.10309530959691683,Long shot,0.9870833583596738,0.031818181818181815,0.0,54.25373086644788,141.0,,,,,0.1556486404921252,,"goal_line_carry_share_yoy_delta:-, expectation_pos_rank:-, carry_share_n1:-",Year-6 RB: held back by goal line carry share trend; held back by a deep preseason ranking; held back by carry share.,veteran,,,,
Brady Russell,RB,28.00273785078713,SEA,0.031401596509316135,0.043951159914048035,0.1025151901192689,Long shot,0.9869073188642215,0.031818181818181815,0.0,48.25432595922132,141.0,,,,,0.1556208816327462,,"goal_line_carry_share_yoy_delta:-, expectation_pos_rank:-, competition_draft_capital:-",Year-4 RB: held back by goal line carry share trend; held back by a deep preseason ranking; held back by positional draft competition.,veteran,,,,
DeeJay Dallas,RB,27.958932238193018,JAX,0.03140145043143324,0.04395095545653298,0.10250005958189072,Long shot,0.9869027278450448,0.031818181818181815,0.0,52.737579438225225,141.0,,,,,0.15562015769602164,,"goal_line_carry_share_yoy_delta:-, expectation_pos_rank:-, competition_draft_capital:-",Year-7 RB: held back by goal line carry share trend; held back by a deep preseason ranking; held back by positional draft competition.,veteran,,,,
Julius Chestnut,RB,25.848049281314168,TEN,0.03138446969386116,0.04392718841296029,0.10074076140069348,Long shot,0.9863690475213509,0.031818181818181815,0.0,50.273874375359014,141.0,,,,,0.1555360040973039,,"goal_line_carry_share_yoy_delta:-, expectation_pos_rank:-, competition_draft_capital:-",Year-5 RB: held back by goal line carry share trend; held back by a deep preseason ranking; held back by positional draft competition.,veteran,,,,
Justice Hill,RB,28.79671457905544,BAL,0.031377693655888404,0.04391770434967593,0.10003847294056993,Long shot,0.9861560863279214,0.031818181818181815,0.0,7.563962447138559,68.0,,,,,0.13285649680765726,,"expectation_pos_rank:-, goal_line_carry_share_yoy_delta:-, carry_share_n1:-",Year-8 RB: held back by a deep preseason ranking; held back by goal line carry share trend; held back by carry share.,veteran,,,,
Jordan Mims,RB,27.211498973305954,SF,0.03137499678768361,0.04391392968536225,0.09975892135102593,Long shot,0.9860713276129135,0.031818181818181815,0.0,48.303768250481085,141.0,,,,,0.15548905801255505,,"goal_line_carry_share_yoy_delta:-, expectation_pos_rank:-, competition_draft_capital:-",Year-4 RB: held back by goal line carry share trend; held back by a deep preseason ranking; held back by positional draft competition.,veteran,,,,
Velus Jones Jr.,RB,29.308692676249144,SEA,0.03137148369642427,0.04390901259665035,0.09939472744031293,Long shot,0.9859609161733344,0.031818181818181815,0.0,48.69912347509046,141.0,,,,,0.1554716477398362,,"goal_line_carry_share_yoy_delta:-, expectation_pos_rank:-, competition_draft_capital:-",Year-5 RB: held back by goal line carry share trend; held back by a deep preseason ranking; held back by positional draft competition.,veteran,,,,
Ameer Abdullah,RB,33.21834360027378,JAX,0.0313487093714401,0.043877136574072426,0.09703282253616513,Long shot,0.9852451516738319,0.031818181818181815,0.0,50.33461700165678,141.0,,,,,0.1553587821238611,,"goal_line_carry_share_yoy_delta:-, expectation_pos_rank:-, competition_draft_capital:-",Year-11 RB: held back by goal line carry share trend; held back by a deep preseason ranking; held back by positional draft competition.,veteran,,,,
Brittain Brown,RB,28.892539356605063,CHI,0.03134715698497608,0.04387496378054238,0.09687176632840681,Long shot,0.9851963623849627,0.031818181818181815,0.0,58.2757683725514,141.0,,,,,0.15535108876501882,,"expectation_pos_rank:-, competition_draft_capital:-, carry_share_n1:-",Year-5 RB: held back by a deep preseason ranking; held back by positional draft competition; held back by carry share.,veteran,,,,
Eric Gray,RB,26.82546201232033,NYG,0.031305720865047515,0.043816967826971746,0.09257005778148049,Long shot,0.9838940843300649,0.031818181818181815,0.0,52.218801590935186,141.0,,,,,0.15514573852071484,,"expectation_pos_rank:-, competition_draft_capital:-, carry_share_n1:-",Year-4 RB: held back by a deep preseason ranking; held back by positional draft competition; held back by carry share.,veteran,,,,
Patrick Ricard,RB,32.26557152635181,NYG,0.031282851940978566,0.0437849593990398,0.09019358345288024,Long shot,0.9831753467164693,0.031818181818181815,0.0,57.025394532219366,141.0,,,,,0.1550324040880357,,"goal_line_carry_share_yoy_delta:-, expectation_pos_rank:-, competition_draft_capital:-",Year-10 RB: held back by goal line carry share trend; held back by a deep preseason ranking; held back by positional draft competition.,veteran,,,,
Oronde Gadsden II,TE,23.186858316221766,LAC,0.01828249979014359,0.030422363972939813,0.5936525464057922,Long shot,1.0146787383529692,0.018018018018018018,0.0,-1.1599995952259057,20.0,,,,,0.05566148082876593,,"ppr_ppg_n1:+, rec_yards_pg_n1:+, expectation_pos_rank:+",Year-2 TE: boosted by ppr ppg; boosted by rec yards pg; boosted by a deep preseason ranking.,veteran,,,,
AJ Barner,TE,24.331279945242983,SEA,0.018263448902901214,0.030390663000296702,0.5813001990318298,Long shot,1.0136214141110174,0.018018018018018018,0.0,-5.920071400905751,24.0,,,,,0.058787774152264376,,"ppr_ppg_n1:+, rec_yards_pg_n1:+, expectation_pos_rank:+",Year-3 TE: boosted by ppr ppg; boosted by rec yards pg; boosted by a deep preseason ranking.,veteran,,,,
Mason Taylor,TE,22.316221765913756,NYJ,0.018220045213193224,0.030318438585625745,0.5531111359596252,Long shot,1.011212509332224,0.018018018018018018,0.0,-1.8326365664329325,34.0,,,,,0.064778602428976,,"ppr_ppg_n1:+, rec_yards_pg_n1:-, expectation_pos_rank:+",Year-2 TE: boosted by ppr ppg; held back by rec yards pg; boosted by a deep preseason ranking.,veteran,,,,
Theo Johnson,TE,25.51129363449692,NYG,0.018214629967501356,0.030309427532578738,0.5495895743370056,Long shot,1.0109119631963253,0.018018018018018018,0.0,0.8355472629251384,36.0,,,,,0.06577153362183694,,"ppr_ppg_n1:+, rec_yards_pg_n1:+, vacated_target_share:-",Year-3 TE: boosted by ppr ppg; boosted by rec yards pg; held back by vacated targets ahead.,veteran,,,,
Greg Dulcich,TE,26.43394934976044,MIA,0.018181030712531406,0.030253517849786537,0.527717113494873,Long shot,1.009047204545493,0.018018018018018018,0.0,-4.768076766424516,23.0,,,,,0.057780294295634076,,"ppr_ppg_n1:+, age:-, expectation_pos_rank:+",Year-5 TE: boosted by ppr ppg; held back by age; boosted by a deep preseason ranking.,veteran,,,,
Tyler Warren,TE,24.27378507871321,IND,0.018167412259457907,0.030230856532083485,0.5188406109809875,Long shot,1.0082913803999138,0.018018018018018018,0.0,-1.3393340125530784,4.0,,,,,0.029239322061191616,,"expectation_pos_rank:-, targets_pg_n1:-, rec_yards_pg_n1:+",Year-2 TE: held back by a deep preseason ranking; held back by targets pg; boosted by rec yards pg.,veteran,,,,
T.J. Hockenson,TE,29.163586584531142,MIN,0.018166744773013447,0.03022974582425942,0.5184053778648376,Long shot,1.0082543349022464,0.018018018018018018,0.0,-3.3450332350055803,22.0,,,,,0.05696172315804478,,"ppr_ppg_n1:+, rec_yards_pg_n1:-, expectation_pos_rank:+",Year-8 TE: boosted by ppr ppg; held back by rec yards pg; boosted by a deep preseason ranking.,veteran,,,,
Colston Loveland,TE,22.39561943874059,CHI,0.018166082886130443,0.0302286444341927,0.517973780632019,Long shot,1.0082176001802396,0.018018018018018018,0.0,1.3773984174613234,3.0,,,,,0.02518353826867918,,"expectation_pos_rank:-, rec_yards_pg_n1:+, vacated_target_share:-",Year-2 TE: held back by a deep preseason ranking; boosted by rec yards pg; held back by vacated targets ahead.,veteran,,,,
Dallas Goedert,TE,31.66050650239562,PHI,0.018152301826570977,0.030205712536768212,0.5089840888977051,Long shot,1.0074527513746894,0.018018018018018018,0.0,-6.639974268715191,14.0,,,,,0.04915734461191355,,"ppr_ppg_n1:+, expectation_pos_rank:+, rec_yards_pg_n1:+",Year-9 TE: boosted by ppr ppg; boosted by a deep preseason ranking; boosted by rec yards pg.,veteran,,,,
Albert Okwuegbunam,TE,28.35318275154004,LV,0.018136954827081997,0.03018017489094814,0.4989651143550873,Long shot,1.0066009929030508,0.018018018018018018,0.0,24.638898149563992,75.0,,,,,0.0785463149609111,,"ppr_ppg_n1:+, rec_yards_pg_n1:+, age:-",Year-7 TE: boosted by ppr ppg; boosted by rec yards pg; held back by age.,veteran,,,,
Harold Fannin Jr.,TE,22.116358658453112,CLE,0.0181352885922036,0.03017740225019787,0.4978768527507782,Long shot,1.0065085168672998,0.018018018018018018,0.0,-2.358790142339693,6.0,,,,,0.03528964212761603,,"expectation_pos_rank:-, targets_pg_n1:-, rec_yards_pg_n1:+",Year-2 TE: held back by a deep preseason ranking; held back by targets pg; boosted by rec yards pg.,veteran,,,,
Mark Andrews,TE,30.986995208761122,BAL,0.018129124365634165,0.030167144881322733,0.4938499927520752,Long shot,1.0061664022926962,0.018018018018018018,0.0,-4.9937846704552005,15.0,,,,,0.050264605760239715,,"ppr_ppg_n1:+, rec_yards_pg_n1:-, expectation_pos_rank:+",Year-9 TE: boosted by ppr ppg; held back by rec yards pg; boosted by a deep preseason ranking.,veteran,,,,
Chig Okonkwo,TE,26.981519507186857,WAS,0.018126935561295295,0.030163502676863442,0.4924198091030121,Long shot,1.006044923651889,0.018018018018018018,0.0,-5.689291913559451,17.0,,,,,0.05239358260357158,,"ppr_ppg_n1:+, expectation_pos_rank:+, rec_yards_pg_n1:+",Year-5 TE: boosted by ppr ppg; boosted by a deep preseason ranking; boosted by rec yards pg.,veteran,,,,
Jake Tonges,TE,27.151266255989047,SF,0.01811365725570666,0.03014140736986504,0.48374006152153015,Long shot,1.0053079776917195,0.018018018018018018,0.0,-3.4870996362662865,37.0,,,,,0.06588998893538597,,"ppr_ppg_n1:+, rec_yards_pg_n1:-, target_share_n1:-",Year-5 TE: boosted by ppr ppg; held back by rec yards pg; held back by target share.,veteran,,,,
Brock Bowers,TE,23.718001368925393,LV,0.018108743631619132,0.030133231022968675,0.48052656650543213,Long shot,1.0050352715548618,0.018018018018018018,0.0,-3.0809700972752863,2.0,,,,,0.019894488286037154,,"expectation_pos_rank:-, targets_pg_n1:-, rec_yards_pg_n1:+",Year-3 TE: held back by a deep preseason ranking; held back by targets pg; boosted by rec yards pg.,veteran,,,,
Dalton Schultz,TE,30.140999315537304,HOU,0.018091083356961603,0.030103844051293006,0.46896982192993164,Long shot,1.004055126311369,0.018018018018018018,0.0,-4.9566168718915335,21.0,,,,,0.05592030668361239,,"expectation_pos_rank:+, rec_yards_pg_n1:+, ppr_ppg_n1:+",Year-9 TE: boosted by a deep preseason ranking; boosted by rec yards pg; boosted by ppr ppg.,veteran,,,,
Hunter Henry,TE,31.734428473648187,NE,0.0180812129867269,0.030087419601722402,0.462505966424942,Long shot,1.003507320763343,0.018018018018018018,0.0,-1.4805027927476864,19.0,,,,,0.05416647328934132,,"ez_target_share_yoy_delta:-, ppr_ppg_n1:+, age:-",Year-11 TE: held back by ez target share trend; boosted by ppr ppg; held back by age.,veteran,,,,
Robert Tonyan,TE,32.33949349760438,PIT,0.01807283620417732,0.030073480505287516,0.45701754093170166,Long shot,1.0030424093318413,0.018018018018018018,0.0,22.672631168987262,75.0,,,,,0.07826863430296457,,"vacated_target_share:+, rec_yards_pg_n1:-, snap_share_n1:+",Year-10 TE: boosted by vacated targets ahead; held back by rec yards pg; boosted by snap share.,veteran,,,,
Colby Parkinson,TE,27.64955509924709,LA,0.018063687590040366,0.030058257069088032,0.45102059841156006,Long shot,1.0025346612472403,0.018018018018018018,0.0,-10.348224910495155,32.0,,,,,0.06315982024654436,,"ppr_ppg_n1:+, rec_yards_pg_n1:-, target_share_n1:-",Year-7 TE: boosted by ppr ppg; held back by rec yards pg; held back by target share.,veteran,,,,
Cade Otton,TE,27.381245722108144,TB,0.018058520087387432,0.03004965826431061,0.44763198494911194,Long shot,1.0022478648500024,0.018018018018018018,0.0,-3.4261834491672385,29.0,,,,,0.06142059123791557,,"ez_target_share_yoy_delta:-, ppr_ppg_n1:+, rec_yards_pg_n1:+",Year-5 TE: held back by ez target share trend; boosted by ppr ppg; boosted by rec yards pg.,veteran,,,,
Jelani Woods,TE,27.89596167008898,NYJ,0.0180577406983981,0.030048361348911614,0.4471208155155182,Long shot,1.0022046087610945,0.018018018018018018,0.0,23.620640952073135,75.0,,,,,0.07820325969279802,,"rec_yards_pg_n1:-, ppr_ppg_n1:-, vacated_target_share:-",Year-5 TE: held back by rec yards pg; held back by ppr ppg; held back by vacated targets ahead.,veteran,,,,
Jake Ferguson,TE,27.619438740588638,DAL,0.01805664391992301,0.030046536292472403,0.446401447057724,Long shot,1.0021437375557272,0.018018018018018018,0.0,-6.866287046756349,11.0,,,,,0.044869074549470755,,"expectation_pos_rank:-, rec_yards_pg_n1:+, targets_pg_n1:-",Year-5 TE: held back by a deep preseason ranking; boosted by rec yards pg; held back by targets pg.,veteran,,,,
James Mitchell,TE,27.058179329226558,CAR,0.01805361173475225,0.030041490689192926,0.4444124400615692,Long shot,1.0019754512787498,0.018018018018018018,0.0,23.02213079426674,75.0,,,,,0.07818537825227612,,"rec_yards_pg_n1:-, snap_share_n1:+, vacated_target_share:-",Year-5 TE: held back by rec yards pg; boosted by snap share; held back by vacated targets ahead.,veteran,,,,
Carter Runyon,TE,25.1088295687885,LV,0.018053125377105256,0.03004068138250469,0.44409337639808655,Long shot,1.0019484584293417,0.018018018018018018,0.0,22.672631168987262,75.0,,,,,0.07818327196699898,,"rec_yards_pg_n1:-, ppr_ppg_n1:-, vacated_target_share:-",Year-2 TE: held back by rec yards pg; held back by ppr ppg; held back by vacated targets ahead.,veteran,,,,
Ben Sims,TE,26.2943189596167,MIA,0.018051810648671795,0.03003849365394528,0.44323083758354187,Long shot,1.0018754910012846,0.018018018018018018,0.0,28.39260190146041,75.0,,,,,0.07817757822873876,,"vacated_target_share:+, ez_target_share_yoy_delta:-, ppr_ppg_n1:+",Year-4 TE: boosted by vacated targets ahead; held back by ez target share trend; boosted by ppr ppg.,veteran,,,,
Colson Yankoff,TE,26.50239561943874,WAS,0.018049792083800274,0.030035134730607153,0.4419064223766327,Long shot,1.0017634606509151,0.018018018018018018,0.0,22.793234196546294,75.0,,,,,0.07816883636255013,,"vacated_target_share:+, ez_target_share_yoy_delta:-, snap_share_n1:+",Year-3 TE: boosted by vacated targets ahead; held back by ez target share trend; boosted by snap share.,veteran,,,,
Pat Freiermuth,TE,27.852156057494867,PIT,0.018048311548303008,0.030032671096515005,0.4409349262714386,Long shot,1.001681290930817,0.018018018018018018,0.0,-1.5624243195483678,28.0,,,,,0.06077400421489745,,"ez_target_share_yoy_delta:-, ppr_ppg_n1:+, age:-",Year-6 TE: held back by ez target share trend; boosted by ppr ppg; held back by age.,veteran,,,,
Zaire Mitchell-Paden,TE,27.033538672142367,NO,0.018047864476786985,0.030031927162559664,0.4406415522098541,Long shot,1.0016564784616777,0.018018018018018018,0.0,22.27829481598482,75.0,,,,,0.07816048841059071,,"rec_yards_pg_n1:-, ppr_ppg_n1:-, vacated_target_share:-",Year-5 TE: held back by rec yards pg; held back by ppr ppg; held back by vacated targets ahead.,veteran,,,,
Nick Kallerup,TE,25.43189596167009,SEA,0.018045896018309488,0.030028651617040426,0.4393497407436371,Long shot,1.0015472290161767,0.018018018018018018,0.0,24.833528359621223,75.0,,,,,0.07815196354183325,,"rec_yards_pg_n1:-, ppr_ppg_n1:-, vacated_target_share:-",Year-2 TE: held back by rec yards pg; held back by ppr ppg; held back by vacated targets ahead.,veteran,,,,
Kyle Pitts,TE,25.90280629705681,ATL,0.018041893894601414,0.030021992020950763,0.43672290444374084,Long shot,1.0013251111503785,0.018018018018018018,0.0,-3.4886347137660554,8.0,,,,,0.03964209268691051,,"expectation_pos_rank:-, targets_pg_n1:-, rec_yards_pg_n1:+",Year-6 TE: held back by a deep preseason ranking; held back by targets pg; boosted by rec yards pg.,veteran,,,,
Ben Yurosek,TE,24.45995893223819,MIN,0.018040247017771176,0.030019251592293676,0.4356417953968048,Long shot,1.0012337094863002,0.018018018018018018,0.0,22.672631168987262,75.0,,,,,0.07812749922686268,,"rec_yards_pg_n1:-, ppr_ppg_n1:-, vacated_target_share:-",Year-2 TE: held back by rec yards pg; held back by ppr ppg; held back by vacated targets ahead.,veteran,,,,
Cameron Latu,TE,26.518822724161534,PHI,0.01803995947846368,0.030018773122414303,0.43545302748680115,Long shot,1.0012177510547342,0.018018018018018018,0.0,25.873751506270317,75.0,,,,,0.07812625397079707,,"rec_yards_pg_n1:-, vacated_target_share:-, ppr_ppg_n1:-",Year-4 TE: held back by rec yards pg; held back by vacated targets ahead; held back by ppr ppg.,veteran,,,,
Dalton Kincaid,TE,26.872005475701574,BUF,0.018036852757411254,0.03001360349026858,0.4334132969379425,Long shot,1.0010453280363247,0.018018018018018018,0.0,-3.815675878304666,12.0,,,,,0.046263613890750344,,"expectation_pos_rank:-, ez_target_share_yoy_delta:-, age:-",Year-4 TE: held back by a deep preseason ranking; held back by ez target share trend; held back by age.,veteran,,,,
Brenton Strange,TE,25.678302532511978,JAX,0.018035885786113273,0.030011994434990787,0.43277835845947266,Long shot,1.0009916611292866,0.018018018018018018,0.0,-1.7970549022474622,18.0,,,,,0.053105565132425876,,"ez_target_share_yoy_delta:-, ppr_ppg_n1:+, age:-",Year-4 TE: held back by ez target share trend; boosted by ppr ppg; held back by age.,veteran,,,,
David Njoku,TE,30.143737166324435,LAC,0.018035211364151874,0.03001087218635868,0.4323354959487915,Long shot,1.000954230710429,0.018018018018018018,0.0,-6.299851590564444,30.0,,,,,0.061932685054682635,,"ez_target_share_yoy_delta:-, ppr_ppg_n1:+, rec_yards_pg_n1:-",Year-10 TE: held back by ez target share trend; boosted by ppr ppg; held back by rec yards pg.,veteran,,,,
Stone Smartt,TE,27.90965092402464,PHI,0.018035071354311507,0.03001063920780693,0.43224355578422546,Long shot,1.0009464601642886,0.018018018018018018,0.0,24.057744073165033,75.0,,,,,0.0781050848085598,,"ez_target_share_yoy_delta:-, vacated_target_share:-, snap_share_n1:+",Year-5 TE: held back by ez target share trend; held back by vacated targets ahead; boosted by snap share.,veteran,,,,
Brenden Bates,TE,26.87748117727584,CLE,0.018034254280616183,0.03000927958447111,0.4317069947719574,Long shot,1.0009011125741982,0.018018018018018018,0.0,26.990910887375065,75.0,,,,,0.07810154628026598,,"rec_yards_pg_n1:-, vacated_target_share:-, snap_share_n1:+",Year-3 TE: held back by rec yards pg; held back by vacated targets ahead; boosted by snap share.,veteran,,,,
Johnny Mundt,TE,31.772758384668034,PHI,0.01803251119802533,0.030006379067932205,0.43056225776672363,Long shot,1.0008043714904058,0.018018018018018018,0.0,25.200729857368287,75.0,,,,,0.07809399745437491,,"ez_target_share_yoy_delta:-, rec_yards_pg_n1:-, vacated_target_share:-",Year-10 TE: held back by ez target share trend; held back by rec yards pg; held back by vacated targets ahead.,veteran,,,,
Juwan Johnson,TE,29.965776865160848,NO,0.018032246239806957,0.03000593817333631,0.4303882420063019,Long shot,1.0007896663092861,0.018018018018018018,0.0,-5.786250410697481,16.0,,,,,0.0510892006699286,,"ez_target_share_yoy_delta:-, expectation_pos_rank:+, rec_yards_pg_n1:+",Year-7 TE: held back by ez target share trend; boosted by a deep preseason ranking; boosted by rec yards pg.,veteran,,,,
Durham Smythe,TE,31.06365503080082,BAL,0.018032109201756567,0.030005710139889296,0.43029823899269104,Long shot,1.0007820606974895,0.018018018018018018,0.0,24.69413305261895,75.0,,,,,0.07809225651573111,,"ez_target_share_yoy_delta:-, rec_yards_pg_n1:-, vacated_target_share:-",Year-9 TE: held back by ez target share trend; held back by rec yards pg; held back by vacated targets ahead.,veteran,,,,
Keleki Latu,TE,24.05201916495551,BUF,0.018030402663427585,0.03000287043357047,0.4291773736476898,Long shot,1.000687347820231,0.018018018018018018,0.0,22.672631168987262,75.0,,,,,0.07808486595329331,,"rec_yards_pg_n1:-, ppr_ppg_n1:-, vacated_target_share:-",Year-2 TE: held back by rec yards pg; held back by ppr ppg; held back by vacated targets ahead.,veteran,,,,
Moliki Matavao,TE,23.460643394934976,NO,0.018029470644687594,0.03000131953989274,0.4285651743412018,Long shot,1.0006356207801614,0.018018018018018018,0.0,22.38524797847608,75.0,,,,,0.07808082962866225,,"ppr_ppg_n1:-, rec_yards_pg_n1:-, vacated_target_share:-",Year-2 TE: held back by ppr ppg; held back by rec yards pg; held back by vacated targets ahead.,veteran,,,,
Gunnar Helm,TE,23.98631074606434,TEN,0.018028713294746708,0.0300000592978131,0.428067684173584,Long shot,1.0005935878584422,0.018018018018018018,0.0,-5.9125453259124265,26.0,,,,,0.059419697923448575,,"ppr_ppg_n1:-, rec_yards_pg_n1:-, vacated_target_share:-",Year-2 TE: held back by ppr ppg; held back by rec yards pg; held back by vacated targets ahead.,veteran,,,,
Will Mallory,TE,27.195071868583163,IND,0.018026227636016575,0.029995923123030187,0.4264347553253174,Long shot,1.0004556337989199,0.018018018018018018,0.0,27.20564353948096,75.0,,,,,0.07806678502288783,,"rec_yards_pg_n1:-, vacated_target_share:-, ez_target_share_yoy_delta:-",Year-4 TE: held back by rec yards pg; held back by vacated targets ahead; held back by ez target share trend.,veteran,,,,
Teagan Quitoriano,TE,26.46406570841889,ARI,0.01802620581674966,0.029995886815430715,0.4264204204082489,Long shot,1.0004544228296062,0.018018018018018018,0.0,25.18349969279432,75.0,,,,,0.07806669052946115,,"rec_yards_pg_n1:-, ppr_ppg_n1:-, vacated_target_share:-",Year-5 TE: held back by rec yards pg; held back by ppr ppg; held back by vacated targets ahead.,veteran,,,,
Tanner Conner,TE,28.451745379876797,NYG,0.01802600250414566,0.02999554850009582,0.42628684639930725,Long shot,1.000443138980084,0.018018018018018018,0.0,25.40677728953265,75.0,,,,,0.0780658100367885,,"rec_yards_pg_n1:-, vacated_target_share:-, age:-",Year-5 TE: held back by rec yards pg; held back by vacated targets ahead; held back by age.,veteran,,,,
Harrison Bryant,TE,28.358658453114305,SEA,0.018025641563973085,0.029994947890035463,0.42604970932006836,Long shot,1.0004231068005063,0.018018018018018018,0.0,27.804451210558582,75.0,,,,,0.07806424690114928,,"rec_yards_pg_n1:-, ez_target_share_yoy_delta:-, snap_share_n1:+",Year-7 TE: held back by rec yards pg; held back by ez target share trend; boosted by snap share.,veteran,,,,
Andrew Ogletree,TE,28.095824777549623,IND,0.018024630905247557,0.02999326613819882,0.4253856837749481,Long shot,1.0003670152412394,0.018018018018018018,0.0,25.17069359041502,75.0,,,,,0.07805987000771099,,"rz_target_share_n1:+, rec_yards_pg_n1:-, snap_share_n1:+",Year-5 TE: boosted by rz target share; held back by rec yards pg; boosted by snap share.,veteran,,,,
Ben Sinnott,TE,24.216290212183434,WAS,0.01802387343482379,0.029992005695633796,0.4248879849910736,Long shot,1.0003249756327204,0.018018018018018018,0.0,24.177405681535618,63.0,,,,,0.07495918232470444,,"ppr_ppg_n1:-, rec_yards_pg_n1:-, vacated_target_share:+",Year-3 TE: held back by ppr ppg; held back by rec yards pg; boosted by vacated targets ahead.,veteran,,,,
Kylen Granson,TE,28.432580424366872,TEN,0.018023202214807858,0.029990888775088737,0.4244469404220581,Long shot,1.000287722921836,0.018018018018018018,0.0,27.626188179236046,75.0,,,,,0.07805368273039083,,"ez_target_share_yoy_delta:-, rec_yards_pg_n1:-, vacated_target_share:-",Year-6 TE: held back by ez target share trend; held back by rec yards pg; held back by vacated targets ahead.,veteran,,,,
Blake Whiteheart,TE,26.444900752908968,CLE,0.01802248013266807,0.029989687219178603,0.4239724576473236,Long shot,1.000247647363078,0.018018018018018018,0.0,25.26189204845983,75.0,,,,,0.07805055558519364,,"ez_target_share_yoy_delta:-, rec_yards_pg_n1:-, vacated_target_share:-",Year-4 TE: held back by ez target share trend; held back by rec yards pg; held back by vacated targets ahead.,veteran,,,,
E.J. Jenkins,TE,27.82751540041068,PHI,0.018019565466281615,0.029984837168983806,0.42205703258514404,Long shot,1.0000858833786297,0.018018018018018018,0.0,25.4282035324174,75.0,,,,,0.078037932942298,,"ez_target_share_yoy_delta:-, vacated_target_share:-, rec_yards_pg_n1:-",Year-4 TE: held back by ez target share trend; held back by vacated targets ahead; held back by rec yards pg.,veteran,,,,
Tyler Higbee,TE,33.66461327857632,LA,0.01801943523279296,0.029984620458433347,0.4219714403152466,Long shot,1.0000786554200092,0.018018018018018018,0.0,-3.028371242952154,46.0,,,,,0.06937748534570753,,"ez_target_share_yoy_delta:-, ppr_ppg_n1:+, age:-",Year-11 TE: held back by ez target share trend; boosted by ppr ppg; held back by age.,veteran,,,,
Ian Thomas,TE,30.236824093086927,LV,0.018018884199240776,0.029983703530033056,0.4216092824935913,Long shot,1.0000480730578631,0.018018018018018018,0.0,24.6700722099701,75.0,,,,,0.0780349825564106,,"rec_yards_pg_n1:-, ez_target_share_yoy_delta:-, vacated_target_share:-",Year-9 TE: held back by rec yards pg; held back by ez target share trend; held back by vacated targets ahead.,veteran,,,,
Nikola Kalinic,TE,29.609856262833674,CHI,0.01801797329750829,0.02998218777538422,0.4210105836391449,Long shot,0.99999751801171,0.018018018018018018,0.0,25.2373625268164,75.0,,,,,0.07803103768390798,,"rec_yards_pg_n1:-, vacated_target_share:-, ppr_ppg_n1:-",Year-5 TE: held back by rec yards pg; held back by vacated targets ahead; held back by ppr ppg.,veteran,,,,
Devin Culp,TE,26.579055441478438,TB,0.01801783600183908,0.029981959313255487,0.42092034220695496,Long shot,0.999989898102069,0.018018018018018018,0.0,23.31644147714058,75.0,,,,,0.07803044309297587,,"rec_yards_pg_n1:-, vacated_target_share:-, snap_share_n1:+",Year-3 TE: held back by rec yards pg; held back by vacated targets ahead; boosted by snap share.,veteran,,,,
Tyler Conklin,TE,31.091033538672143,DET,0.0180176156870303,0.029981592705987437,0.42077553272247314,Long shot,0.9999776706301817,0.018018018018018018,0.0,23.693428907969718,75.0,,,,,0.07802948896828814,,"ppr_ppg_n1:+, ez_target_share_yoy_delta:-, rec_yards_pg_n1:-",Year-9 TE: boosted by ppr ppg; held back by ez target share trend; held back by rec yards pg.,veteran,,,,
Jack Stoll,TE,28.591375770020534,CLE,0.01801722607309764,0.029980944382344367,0.4205194413661957,Long shot,0.999956047056919,0.018018018018018018,0.0,23.018882158684463,75.0,,,,,0.07802780165424011,,"ez_target_share_yoy_delta:-, rec_yards_pg_n1:-, vacated_target_share:-",Year-6 TE: held back by ez target share trend; held back by rec yards pg; held back by vacated targets ahead.,veteran,,,,
John Bates,TE,28.818617385352496,WAS,0.018016510298361724,0.02997975332205236,0.42004895210266113,Long shot,0.9999163215590757,0.018018018018018018,0.0,1.5412260273433205,51.0,,,,,0.07118762314715936,,"vacated_target_share:+, rec_yards_pg_n1:-, snap_share_n1:-",Year-6 TE: boosted by vacated targets ahead; held back by rec yards pg; held back by snap share.,veteran,,,,
David Martin-Robinson,TE,26.68309377138946,TEN,0.01801597005109233,0.029978854342194376,0.41969382762908936,Long shot,0.9998863378356244,0.018018018018018018,0.0,23.066135888752157,75.0,,,,,0.0780223621578656,,"rec_yards_pg_n1:-, vacated_target_share:-, snap_share_n1:+",Year-3 TE: held back by rec yards pg; held back by vacated targets ahead; boosted by snap share.,veteran,,,,
Cam Grandy,TE,26.784394250513348,CIN,0.018015456341098458,0.02997799952077556,0.4193561375141144,Long shot,0.9998578269309644,0.018018018018018018,0.0,23.303084130620707,75.0,,,,,0.07802013741686789,,"ez_target_share_yoy_delta:-, rec_yards_pg_n1:-, vacated_target_share:-",Year-3 TE: held back by ez target share trend; held back by rec yards pg; held back by vacated targets ahead.,veteran,,,,
Quintin Morris,TE,27.61122518822724,JAX,0.018014790547643798,0.029976891630112853,0.4189184606075287,Long shot,0.9998208753942308,0.018018018018018018,0.0,23.29646507283161,75.0,,,,,0.07801725404295605,,"ez_target_share_yoy_delta:-, rec_yards_pg_n1:-, vacated_target_share:-",Year-6 TE: held back by ez target share trend; held back by rec yards pg; held back by vacated targets ahead.,veteran,,,,
Feleipe Franks,TE,28.692676249144423,CAR,0.01801436463549377,0.02997618290567159,0.4186384677886963,Long shot,0.9997972372699042,0.018018018018018018,0.0,26.85707260533713,75.0,,,,,0.07801540953100788,,"rec_yards_pg_n1:-, vacated_target_share:-, ez_target_share_yoy_delta:-",Year-6 TE: held back by rec yards pg; held back by vacated targets ahead; held back by ez target share trend.,veteran,,,,
Payne Durham,TE,26.212183436002736,TB,0.018014227774470128,0.029975955166799843,0.41854849457740784,Long shot,0.9997896414830921,0.018018018018018018,0.0,24.11276588561808,75.0,,,,,0.07801481682240982,,"ez_target_share_yoy_delta:-, rec_yards_pg_n1:-, vacated_target_share:-",Year-4 TE: held back by ez target share trend; held back by rec yards pg; held back by vacated targets ahead.,veteran,,,,
Jared Wiley,TE,25.828884325804243,KC,0.018014185252104856,0.02997588440892274,0.4185205399990082,Long shot,0.9997872814918195,0.018018018018018018,0.0,24.98151624313013,75.0,,,,,0.07801463266938483,,"rec_yards_pg_n1:-, ez_target_share_yoy_delta:-, vacated_target_share:-",Year-3 TE: held back by rec yards pg; held back by ez target share trend; held back by vacated targets ahead.,veteran,,,,
Hayden Rucci,TE,25.593429158110883,SF,0.01801281153284227,0.029973598518706263,0.41761741042137146,Long shot,0.999711040072746,0.018018018018018018,0.0,25.891890570954168,75.0,,,,,0.07800868345757415,,"rec_yards_pg_n1:-, vacated_target_share:-, ppr_ppg_n1:-",Year-3 TE: held back by rec yards pg; held back by vacated targets ahead; held back by ppr ppg.,veteran,,,,
Thomas Fidone II,TE,23.94798083504449,NYG,0.01801281153284227,0.029973598518706263,0.41761741042137146,Long shot,0.999711040072746,0.018018018018018018,0.0,25.891890570954168,75.0,,,,,0.07800868345757415,,"rec_yards_pg_n1:-, ppr_ppg_n1:-, vacated_target_share:-",Year-2 TE: held back by rec yards pg; held back by ppr ppg; held back by vacated targets ahead.,veteran,,,,
Chris Manhertz,TE,34.392881587953454,NYG,0.01801256983693319,0.02997319633295479,0.41745850443840027,Long shot,0.999697625949792,0.018018018018018018,0.0,24.34512726367621,75.0,,,,,0.07800763673704249,,"ez_target_share_yoy_delta:-, rec_yards_pg_n1:-, vacated_target_share:-",Year-11 TE: held back by ez target share trend; held back by rec yards pg; held back by vacated targets ahead.,veteran,,,,
Foster Moreau,TE,29.322381930184804,HOU,0.018011054322919152,0.029970674494066762,0.4164620637893677,Long shot,0.9996135149220129,0.018018018018018018,0.0,24.29661360681768,75.0,,,,,0.07800107344997421,,"ez_target_share_yoy_delta:-, rec_yards_pg_n1:-, vacated_target_share:-",Year-8 TE: held back by ez target share trend; held back by rec yards pg; held back by vacated targets ahead.,veteran,,,,
Lucas Krull,TE,28.142368240930868,DEN,0.018010958777380546,0.02997051550480464,0.4163992404937744,Long shot,0.9996082121446203,0.018018018018018018,0.0,24.34512726367621,75.0,,,,,0.07800065966772467,,"rec_yards_pg_n1:-, ez_target_share_yoy_delta:-, vacated_target_share:-",Year-5 TE: held back by rec yards pg; held back by ez target share trend; held back by vacated targets ahead.,veteran,,,,
Terrance Ferguson,TE,23.488021902806295,LA,0.01800932093671957,0.029967790112473726,0.41532227396965027,Long shot,0.999517311987936,0.018018018018018018,0.0,-1.880075618948591,27.0,,,,,0.060010740450529676,,"ppr_ppg_n1:-, rec_yards_pg_n1:-, vacated_target_share:-",Year-2 TE: held back by ppr ppg; held back by rec yards pg; held back by vacated targets ahead.,veteran,,,,
Brayden Willis,TE,26.806297056810404,SF,0.01800887842679493,0.029967053769077396,0.4150312840938568,Long shot,0.9994927526871187,0.018018018018018018,0.0,24.34512726367621,75.0,,,,,0.07799165022408407,,"rec_yards_pg_n1:-, ez_target_share_yoy_delta:-, vacated_target_share:-",Year-4 TE: held back by rec yards pg; held back by ez target share trend; held back by vacated targets ahead.,veteran,,,,
Nate Adkins,TE,27.148528405201915,DEN,0.01800819419775976,0.029965915201322014,0.4145813286304474,Long shot,0.9994547779756667,0.018018018018018018,0.0,23.33032619184449,75.0,,,,,0.07798868701058906,,"ez_target_share_yoy_delta:-, rec_yards_pg_n1:-, vacated_target_share:-",Year-4 TE: held back by ez target share trend; held back by rec yards pg; held back by vacated targets ahead.,veteran,,,,
Ko Kieft,TE,28.61327857631759,TB,0.018007616307155184,0.029964953582368874,0.4142012894153595,Long shot,0.9994227050471127,0.018018018018018018,0.0,26.669442609302124,75.0,,,,,0.07798618432048078,,"rec_yards_pg_n1:-, vacated_target_share:-, snap_share_n1:+",Year-5 TE: held back by rec yards pg; held back by vacated targets ahead; boosted by snap share.,veteran,,,,
Sam LaPorta,TE,25.634496919917865,DET,0.018006146283773658,0.029962507440600795,0.41323450207710266,Long shot,0.999341118749438,0.018018018018018018,0.0,-2.5756482738312942,7.0,,,,,0.03744272858804294,,"expectation_pos_rank:-, ez_target_share_yoy_delta:-, age:-",Year-4 TE: held back by a deep preseason ranking; held back by ez target share trend; held back by age.,veteran,,,,
Drake Dabney,TE,24.30116358658453,GB,0.018003255607249382,0.029957697309909756,0.4113331735134125,Long shot,0.9991806862023407,0.018018018018018018,0.0,22.67106503927227,75.0,,,,,0.07796729929201174,,"rec_yards_pg_n1:-, ppr_ppg_n1:-, vacated_target_share:-",Year-2 TE: held back by rec yards pg; held back by ppr ppg; held back by vacated targets ahead.,veteran,,,,
Anthony Firkser,TE,31.531827515400412,WAS,0.018000831243852478,0.029953663131514572,0.40973833203315735,Long shot,0.9990461340338126,0.018018018018018018,0.0,22.949534968975822,75.0,,,,,0.07795680002061979,,"vacated_target_share:+, rec_yards_pg_n1:-, ez_target_share_yoy_delta:-",Year-10 TE: boosted by vacated targets ahead; held back by rec yards pg; held back by ez target share trend.,veteran,,,,
Dawson Knox,TE,29.796030116358658,BUF,0.018000743497199805,0.029953517119719927,0.4096806049346924,Long shot,0.9990412640945892,0.018018018018018018,0.0,-0.7337634783687933,53.0,,,,,0.07180467863662562,,"ppr_ppg_n1:-, rec_yards_pg_n1:-, snap_share_n1:-",Year-8 TE: held back by ppr ppg; held back by rec yards pg; held back by snap share.,veteran,,,,
Elijah Arroyo,TE,23.408624229979466,SEA,0.01800058136856918,0.029953247335157206,0.4095739424228668,Long shot,0.9990322659555895,0.018018018018018018,0.0,8.379326383173368,41.0,,,,,0.06728022609273868,,"rec_yards_pg_n1:-, ppr_ppg_n1:-, vacated_target_share:-",Year-2 TE: held back by rec yards pg; held back by ppr ppg; held back by vacated targets ahead.,veteran,,,,
Travis Kelce,TE,36.90622861054072,KC,0.018000335211179972,0.02995283772543342,0.4094119966030121,Long shot,0.9990186042204885,0.018018018018018018,0.0,-3.502039182604126,9.0,,,,,0.04144730352615884,,"expectation_pos_rank:-, ez_target_share_yoy_delta:-, targets_pg_n1:-",Year-11 TE: held back by a deep preseason ranking; held back by ez target share trend; held back by targets pg.,veteran,,,,
Cole Turner,TE,26.46132785763176,MIA,0.017998379476645458,0.029949583352753186,0.40812525153160095,Long shot,0.998910060953823,0.018018018018018018,0.0,24.776261681574383,75.0,,,,,0.07794618207063372,,"ppr_ppg_n1:-, rec_yards_pg_n1:-, vacated_target_share:+",Year-5 TE: held back by ppr ppg; held back by rec yards pg; boosted by vacated targets ahead.,veteran,,,,
Darnell Washington,TE,25.040383299110196,PIT,0.017997069246093143,0.029947403108737954,0.4072631299495697,Long shot,0.9988373431581694,0.018018018018018018,0.0,-1.061619771680603,39.0,,,,,0.06638901897617878,,"ppr_ppg_n1:-, vacated_target_share:+, rec_yards_pg_n1:-",Year-4 TE: held back by ppr ppg; boosted by vacated targets ahead; held back by rec yards pg.,veteran,,,,
George Kittle,TE,32.8952772073922,SF,0.017995367914164458,0.029944572065950185,0.40614357590675354,Long shot,0.9987429192361275,0.018018018018018018,0.0,-5.295061658377883,10.0,,,,,0.04315100765364243,,"expectation_pos_rank:-, ez_target_share_yoy_delta:-, targets_pg_n1:-",Year-10 TE: held back by a deep preseason ranking; held back by ez target share trend; held back by targets pg.,veteran,,,,
Tucker Kraft,TE,25.82614647501711,GB,0.01799525641773809,0.029944386534162756,0.40607020258903503,Long shot,0.9987367311844639,0.018018018018018018,0.0,-7.220859942378666,5.0,,,,,0.032243171087669144,,"expectation_pos_rank:-, ez_target_share_yoy_delta:-, age:-",Year-4 TE: held back by a deep preseason ranking; held back by ez target share trend; held back by age.,veteran,,,,
Mitchell Evans,TE,23.457905544147845,CAR,0.017993589123344225,0.02994161213036227,0.40497294068336487,Long shot,0.9986441963456044,0.018018018018018018,0.0,21.521057961152387,66.0,,,,,0.07565751138327902,,"ppr_ppg_n1:-, rec_yards_pg_n1:-, vacated_target_share:-",Year-2 TE: held back by ppr ppg; held back by rec yards pg; held back by vacated targets ahead.,veteran,,,,
Tip Reiman,TE,24.9555099247091,ARI,0.01799323954396313,0.02994103042483561,0.40474286675453186,Long shot,0.9986247946899537,0.018018018018018018,0.0,24.578374301258773,75.0,,,,,0.07792392239279954,,"rec_yards_pg_n1:-, ppr_ppg_n1:-, ez_target_share_yoy_delta:-",Year-3 TE: held back by rec yards pg; held back by ppr ppg; held back by ez target share trend.,veteran,,,,
Grant Calcaterra,TE,27.74264202600958,PHI,0.017992650979455658,0.029940051044342057,0.4043554961681366,Long shot,0.998592129359789,0.018018018018018018,0.0,24.657901199739307,75.0,,,,,0.07792137347686413,,"rec_yards_pg_n1:-, ez_target_share_yoy_delta:-, vacated_target_share:-",Year-5 TE: held back by rec yards pg; held back by ez target share trend; held back by vacated targets ahead.,veteran,,,,
Luke Farrell,TE,28.881587953456535,SF,0.017991084976156098,0.029937445190497732,0.40332475304603577,Long shot,0.9985052161766634,0.018018018018018018,0.0,23.933023284986234,75.0,,,,,0.07791459153416372,,"rec_yards_pg_n1:-, ez_target_share_yoy_delta:-, vacated_target_share:-",Year-6 TE: held back by rec yards pg; held back by ez target share trend; held back by vacated targets ahead.,veteran,,,,
Evan Engram,TE,31.99726214921287,DEN,0.017989079963954237,0.02993410881901269,0.4020049273967743,Long shot,0.9983939379994602,0.018018018018018018,0.0,-2.3404726387477996,31.0,,,,,0.062345400289411414,,"ppr_ppg_n1:-, ez_target_share_yoy_delta:-, rec_yards_pg_n1:-",Year-10 TE: held back by ppr ppg; held back by ez target share trend; held back by rec yards pg.,veteran,,,,
Mo Alie-Cox,TE,32.950034223134836,IND,0.01798781190078669,0.029931998742181474,0.40117013454437256,Long shot,0.9983235604936613,0.018018018018018018,0.0,21.784743645683612,62.0,,,,,0.07452592813794823,,"ez_target_share_yoy_delta:-, rec_yards_pg_n1:-, vacated_target_share:-",Year-10 TE: held back by ez target share trend; held back by rec yards pg; held back by vacated targets ahead.,veteran,,,,
Josh Whyle,TE,26.981519507186857,GB,0.01798724826951833,0.029931060850985555,0.40079906582832336,Long shot,0.9982922789582672,0.018018018018018018,0.0,24.422842456718477,75.0,,,,,0.07789797578081063,,"ez_target_share_yoy_delta:-, rec_yards_pg_n1:-, vacated_target_share:-",Year-4 TE: held back by ez target share trend; held back by rec yards pg; held back by vacated targets ahead.,veteran,,,,
Trey McBride,TE,26.77618069815195,ARI,0.0179871467805888,0.029930891971828504,0.40073224902153015,Long shot,0.9982866463226785,0.018018018018018018,0.0,-4.073462234153764,1.0,,,,,0.012467740077283023,,"expectation_pos_rank:-, ez_target_share_yoy_delta:-, targets_pg_n1:-",Year-5 TE: held back by a deep preseason ranking; held back by ez target share trend; held back by targets pg.,veteran,,,,
Michael Mayer,TE,25.155373032169745,LV,0.01798610068930831,0.029929151259669374,0.4000435173511505,Long shot,0.9982285882566112,0.018018018018018018,0.0,-1.5227799190844868,43.0,,,,,0.06806281578309059,,"ppr_ppg_n1:-, rec_yards_pg_n1:-, vacated_target_share:-",Year-4 TE: held back by ppr ppg; held back by rec yards pg; held back by vacated targets ahead.,veteran,,,,
Princeton Fant,TE,27.477070499657767,DAL,0.017985764015267264,0.029928591028829252,0.39982184767723083,Long shot,0.9982099028473331,0.018018018018018018,0.0,26.08273157655516,75.0,,,,,0.07789154787144009,,"rec_yards_pg_n1:-, vacated_target_share:-, ez_target_share_yoy_delta:-",Year-4 TE: held back by rec yards pg; held back by vacated targets ahead; held back by ez target share trend.,veteran,,,,
Drew Sample,TE,30.376454483230663,CIN,0.01798496196082022,0.029927256397756136,0.3992937505245209,Long shot,0.9981653888255222,0.018018018018018018,0.0,24.689956135216704,75.0,,,,,0.07788807438750556,,"rec_yards_pg_n1:-, ez_target_share_yoy_delta:-, vacated_target_share:-",Year-8 TE: held back by rec yards pg; held back by ez target share trend; held back by vacated targets ahead.,veteran,,,,
Julian Hill,TE,26.146475017111566,NE,0.017984424305014683,0.029926361730134316,0.39893972873687744,Long shot,0.9981355489283149,0.018018018018018018,0.0,22.666397111507088,75.0,,,,,0.07788574594358291,,"rec_yards_pg_n1:-, ez_target_share_yoy_delta:-, vacated_target_share:-",Year-4 TE: held back by rec yards pg; held back by ez target share trend; held back by vacated targets ahead.,veteran,,,,
Charlie Woerner,TE,28.876112251882272,ATL,0.01798398234269766,0.029925626297965573,0.3986487090587616,Long shot,0.9981110200197202,0.018018018018018018,0.0,23.01383390720084,75.0,,,,,0.07788383192264144,,"rec_yards_pg_n1:-, ez_target_share_yoy_delta:-, vacated_target_share:-",Year-7 TE: held back by rec yards pg; held back by ez target share trend; held back by vacated targets ahead.,veteran,,,,
Brevyn Spann-Ford,TE,26.680355920602327,DAL,0.017983645797602768,0.029925066281693856,0.3984270989894867,Long shot,0.9980923417669536,0.018018018018018018,0.0,25.899676238025013,75.0,,,,,0.07788237443557848,,"rec_yards_pg_n1:-, ez_target_share_yoy_delta:-, vacated_target_share:-",Year-3 TE: held back by rec yards pg; held back by ez target share trend; held back by vacated targets ahead.,veteran,,,,
Tanner Hudson,TE,31.802874743326488,CIN,0.01798295027834667,0.029923908926835267,0.3979690968990326,Long shot,0.9980537404482401,0.018018018018018018,0.0,23.073381200673786,75.0,,,,,0.07787936232714728,,"ppr_ppg_n1:-, rec_yards_pg_n1:-, snap_share_n1:+",Year-9 TE: held back by ppr ppg; held back by rec yards pg; boosted by snap share.,veteran,,,,
Lawrence Cager,TE,29.032169746748803,WAS,0.01798259927006782,0.029923324843600524,0.39773795008659363,Long shot,0.998034259488764,0.018018018018018018,0.0,25.43078972571215,75.0,,,,,0.07787784220389135,,"ppr_ppg_n1:-, rec_yards_pg_n1:-, vacated_target_share:+",Year-7 TE: held back by ppr ppg; held back by rec yards pg; boosted by vacated targets ahead.,veteran,,,,
Jaheim Bell,TE,25.215605749486652,PIT,0.01798259927006782,0.029923324843600524,0.39773795008659363,Long shot,0.998034259488764,0.018018018018018018,0.0,25.43078972571215,75.0,,,,,0.07787784220389135,,"ppr_ppg_n1:-, rec_yards_pg_n1:-, vacated_target_share:+",Year-3 TE: held back by ppr ppg; held back by rec yards pg; boosted by vacated targets ahead.,veteran,,,,
JJ Galbreath,TE,25.073237508555785,PIT,0.01798259927006782,0.029923324843600524,0.39773795008659363,Long shot,0.998034259488764,0.018018018018018018,0.0,25.43078972571215,75.0,,,,,0.07787784220389135,,"ppr_ppg_n1:-, rec_yards_pg_n1:-, vacated_target_share:+",Year-2 TE: held back by ppr ppg; held back by rec yards pg; boosted by vacated targets ahead.,veteran,,,,
Joel Wilson,TE,26.195756331279945,TEN,0.01798183020680691,0.0299220451103742,0.39723148941993713,Long shot,0.9979915764777835,0.018018018018018018,0.0,25.721204462051574,75.0,,,,,0.07787451159598653,,"ppr_ppg_n1:-, rec_yards_pg_n1:-, vacated_target_share:-",Year-4 TE: held back by ppr ppg; held back by rec yards pg; held back by vacated targets ahead.,veteran,,,,
Erick All,TE,25.965776865160848,CIN,0.01798183020680691,0.0299220451103742,0.39723148941993713,Long shot,0.9979915764777835,0.018018018018018018,0.0,3.2733362810676625,52.0,,,,,0.07139311506095275,,"ppr_ppg_n1:-, rec_yards_pg_n1:-, vacated_target_share:-",Year-3 TE: held back by ppr ppg; held back by rec yards pg; held back by vacated targets ahead.,veteran,,,,
Jeremy Ruckert,TE,26.05612594113621,NYJ,0.017981820884474985,0.029922029597868903,0.39722535014152527,Long shot,0.9979910590883617,0.018018018018018018,0.0,22.394594969508162,75.0,,,,,0.07787447122345287,,"ppr_ppg_n1:-, rec_yards_pg_n1:-, vacated_target_share:-",Year-5 TE: held back by ppr ppg; held back by rec yards pg; held back by vacated targets ahead.,veteran,,,,
Luke Musgrave,TE,25.9958932238193,GB,0.01798005877634065,0.02991909742252977,0.3960648477077484,Long shot,0.9978932620869062,0.018018018018018018,0.0,27.17978824607541,64.0,,,,,0.07505572846793174,,"ppr_ppg_n1:-, rec_yards_pg_n1:-, ez_target_share_yoy_delta:-",Year-4 TE: held back by ppr ppg; held back by rec yards pg; held back by ez target share trend.,veteran,,,,
Daniel Bellinger,TE,25.94113620807666,TEN,0.01797984366037502,0.02991873946621756,0.3959231674671173,Long shot,0.9978813231508137,0.018018018018018018,0.0,17.206786419935433,60.0,,,,,0.07391286938535788,,"ppr_ppg_n1:-, rec_yards_pg_n1:-, vacated_target_share:-",Year-5 TE: held back by ppr ppg; held back by rec yards pg; held back by vacated targets ahead.,veteran,,,,
Luke Schoonmaker,TE,27.926078028747433,DAL,0.017979047608198667,0.02991741482301622,0.3953988552093506,Long shot,0.997837142255026,0.018018018018018018,0.0,27.148312724880746,73.0,,,,,0.0773829912195038,,"rec_yards_pg_n1:-, ez_target_share_yoy_delta:-, vacated_target_share:-",Year-4 TE: held back by rec yards pg; held back by ez target share trend; held back by vacated targets ahead.,veteran,,,,
Mike Gesicki,TE,30.913073237508556,CIN,0.017978866484289282,0.029917113430014238,0.39527955651283264,Long shot,0.9978270898780551,0.018018018018018018,0.0,-4.4702251368177865,33.0,,,,,0.06339996504754228,,"ppr_ppg_n1:-, rec_yards_pg_n1:-, vacated_target_share:-",Year-9 TE: held back by ppr ppg; held back by rec yards pg; held back by vacated targets ahead.,veteran,,,,
Charlie Kolar,TE,27.5564681724846,LAC,0.017978123455872658,0.029915877019173698,0.3947901427745819,Long shot,0.9977858518009325,0.018018018018018018,0.0,2.3841249844231602,45.0,,,,,0.06883178769434564,,"rec_yards_pg_n1:-, vacated_target_share:-, ppr_ppg_n1:-",Year-5 TE: held back by rec yards pg; held back by vacated targets ahead; held back by ppr ppg.,veteran,,,,
Noah Fant,TE,28.78028747433265,NO,0.017977036702593825,0.029914068644816966,0.39407429099082947,Long shot,0.9977255369939573,0.018018018018018018,0.0,13.694369025507088,57.0,,,,,0.07299473302938354,,"ppr_ppg_n1:-, rec_yards_pg_n1:-, vacated_target_share:-",Year-8 TE: held back by ppr ppg; held back by rec yards pg; held back by vacated targets ahead.,veteran,,,,
Connor Heyward,TE,27.60848733744011,LV,0.017975301513109283,0.029911181262529715,0.3929312229156494,Long shot,0.9976292339775652,0.018018018018018018,0.0,25.017224090030997,75.0,,,,,0.0778462375645217,,"ppr_ppg_n1:-, rec_yards_pg_n1:-, vacated_target_share:-",Year-5 TE: held back by ppr ppg; held back by rec yards pg; held back by vacated targets ahead.,veteran,,,,
Caleb Lohner,TE,24.917180013689254,DEN,0.017975233791758347,0.029911068573148576,0.39288660883903503,Long shot,0.9976254754425883,0.018018018018018018,0.0,25.721204462051574,75.0,,,,,0.07784594428140935,,"ppr_ppg_n1:-, rec_yards_pg_n1:-, vacated_target_share:-",Year-2 TE: held back by ppr ppg; held back by rec yards pg; held back by vacated targets ahead.,veteran,,,,
Mark Redman,TE,24.61327857631759,LA,0.017975233791758347,0.029911068573148576,0.39288660883903503,Long shot,0.9976254754425883,0.018018018018018018,0.0,25.066676417913808,75.0,,,,,0.07784594428140935,,"ppr_ppg_n1:-, rec_yards_pg_n1:-, vacated_target_share:-",Year-2 TE: held back by ppr ppg; held back by rec yards pg; held back by vacated targets ahead.,veteran,,,,
CJ Dippre,TE,24.34223134839151,NE,0.017975212620404777,0.02991103334368699,0.3928726613521576,Long shot,0.9976243004324651,0.018018018018018018,0.0,25.43078972571215,75.0,,,,,0.0778458525939226,,"ppr_ppg_n1:-, rec_yards_pg_n1:-, vacated_target_share:-",Year-2 TE: held back by ppr ppg; held back by rec yards pg; held back by vacated targets ahead.,veteran,,,,
Jackson Hawes,TE,25.73579739904175,BUF,0.017972866097555985,0.029907128693174415,0.3913266956806183,Long shot,0.9974940684143572,0.018018018018018018,0.0,23.04327405570479,71.0,,,,,0.07686394750102998,,"ppr_ppg_n1:-, rec_yards_pg_n1:-, vacated_target_share:-",Year-2 TE: held back by ppr ppg; held back by rec yards pg; held back by vacated targets ahead.,veteran,,,,
Sean McKeon,TE,28.67624914442163,IND,0.017972566617672284,0.029906630353990542,0.39112937450408936,Long shot,0.9974774472808118,0.018018018018018018,0.0,25.43078972571215,75.0,,,,,0.0778343934616705,,"ppr_ppg_n1:-, rec_yards_pg_n1:-, vacated_target_share:-",Year-7 TE: held back by ppr ppg; held back by rec yards pg; held back by vacated targets ahead.,veteran,,,,
Gavin Bartholomew,TE,23.340177960301162,MIN,0.017972566617672284,0.029906630353990542,0.39112937450408936,Long shot,0.9974774472808118,0.018018018018018018,0.0,25.43078972571215,75.0,,,,,0.0778343934616705,,"ppr_ppg_n1:-, rec_yards_pg_n1:-, vacated_target_share:-",Year-2 TE: held back by ppr ppg; held back by rec yards pg; held back by vacated targets ahead.,veteran,,,,
Bryson Nesbit,TE,23.93429158110883,MIN,0.017972566617672284,0.029906630353990542,0.39112937450408936,Long shot,0.9974774472808118,0.018018018018018018,0.0,25.43078972571215,75.0,,,,,0.0778343934616705,,"ppr_ppg_n1:-, rec_yards_pg_n1:-, vacated_target_share:-",Year-2 TE: held back by ppr ppg; held back by rec yards pg; held back by vacated targets ahead.,veteran,,,,
Eric Saubert,TE,32.31485284052019,SEA,0.017970913888717313,0.02990388018730689,0.3900403678417206,Long shot,0.9973857208238109,0.018018018018018018,0.0,23.75593412294066,75.0,,,,,0.07782723593328275,,"rec_yards_pg_n1:-, ez_target_share_yoy_delta:-, vacated_target_share:-",Year-10 TE: held back by rec yards pg; held back by ez target share trend; held back by vacated targets ahead.,veteran,,,,
Stephen Carlson,TE,29.71937029431896,CHI,0.017970363795717852,0.029902964824000962,0.38967788219451904,Long shot,0.9973551906623408,0.018018018018018018,0.0,25.066676417913808,75.0,,,,,0.07782485362718973,,"ppr_ppg_n1:-, rec_yards_pg_n1:-, vacated_target_share:-",Year-8 TE: held back by ppr ppg; held back by rec yards pg; held back by vacated targets ahead.,veteran,,,,
Qadir Ismail,TE,26.537987679671456,CHI,0.017970363795717852,0.029902964824000962,0.38967788219451904,Long shot,0.9973551906623408,0.018018018018018018,0.0,25.066676417913808,75.0,,,,,0.07782485362718973,,"ppr_ppg_n1:-, rec_yards_pg_n1:-, vacated_target_share:-",Year-3 TE: held back by ppr ppg; held back by rec yards pg; held back by vacated targets ahead.,veteran,,,,
Josh Oliver,TE,29.44832306639288,MIN,0.017969865003964636,0.029902134826766597,0.38934919238090515,Long shot,0.9973275077200373,0.018018018018018018,0.0,23.574742103492596,65.0,,,,,0.07528753012743514,,"ppr_ppg_n1:-, rec_yards_pg_n1:-, vacated_target_share:-",Year-8 TE: held back by ppr ppg; held back by rec yards pg; held back by vacated targets ahead.,veteran,,,,
Brevin Jordan,TE,26.12731006160164,HOU,0.01796865089174678,0.0299001145251547,0.3885490894317627,Long shot,0.9972601244919462,0.018018018018018018,0.0,25.066676417913808,75.0,,,,,0.0778174354968535,,"ppr_ppg_n1:-, rec_yards_pg_n1:-, vacated_target_share:-",Year-6 TE: held back by ppr ppg; held back by rec yards pg; held back by vacated targets ahead.,veteran,,,,
Treyton Welch,TE,25.639972621492127,NO,0.01796865089174678,0.0299001145251547,0.3885490894317627,Long shot,0.9972601244919462,0.018018018018018018,0.0,25.066676417913808,75.0,,,,,0.0778174354968535,,"ppr_ppg_n1:-, rec_yards_pg_n1:-, vacated_target_share:-",Year-3 TE: held back by ppr ppg; held back by rec yards pg; held back by vacated targets ahead.,veteran,,,,
Patrick Herbert,TE,25.869952087611225,JAX,0.01796865089174678,0.0299001145251547,0.3885490894317627,Long shot,0.9972601244919462,0.018018018018018018,0.0,25.066676417913808,75.0,,,,,0.0778174354968535,,"ppr_ppg_n1:-, rec_yards_pg_n1:-, vacated_target_share:-",Year-2 TE: held back by ppr ppg; held back by rec yards pg; held back by vacated targets ahead.,veteran,,,,
Layne Pryor,TE,23.72895277207392,HOU,0.01796865089174678,0.0299001145251547,0.3885490894317627,Long shot,0.9972601244919462,0.018018018018018018,0.0,25.066676417913808,75.0,,,,,0.0778174354968535,,"ppr_ppg_n1:-, rec_yards_pg_n1:-, vacated_target_share:-",Year-2 TE: held back by ppr ppg; held back by rec yards pg; held back by vacated targets ahead.,veteran,,,,
Rivaldo Fairweather,TE,24.12046543463381,ARI,0.01796858482266224,0.029900004585170545,0.3885055482387543,Long shot,0.9972564576577543,0.018018018018018018,0.0,24.901065898084127,75.0,,,,,0.07781714936926631,,"ppr_ppg_n1:-, rec_yards_pg_n1:-, vacated_target_share:-",Year-2 TE: held back by ppr ppg; held back by rec yards pg; held back by vacated targets ahead.,veteran,,,,
Shane Zylstra,TE,29.790554414784395,BUF,0.017966968713223373,0.02989731535393118,0.38744044303894043,Long shot,0.9971667635838972,0.018018018018018018,0.0,25.92056030241688,75.0,,,,,0.07781015043023785,,"ppr_ppg_n1:-, rec_yards_pg_n1:-, vacated_target_share:-",Year-6 TE: held back by ppr ppg; held back by rec yards pg; held back by vacated targets ahead.,veteran,,,,
Messiah Swinson,TE,26.365503080082135,GB,0.017966041183670414,0.029895771930330484,0.38682910799980164,Long shot,0.997115285693708,0.018018018018018018,0.0,25.43078972571215,75.0,,,,,0.07780613354707876,,"ppr_ppg_n1:-, rec_yards_pg_n1:-, vacated_target_share:-",Year-3 TE: held back by ppr ppg; held back by rec yards pg; held back by vacated targets ahead.,veteran,,,,
Jake Briningstool,TE,23.72895277207392,KC,0.017966041183670414,0.029895771930330484,0.38682910799980164,Long shot,0.997115285693708,0.018018018018018018,0.0,25.721204462051574,75.0,,,,,0.07780613354707876,,"ppr_ppg_n1:-, rec_yards_pg_n1:-, vacated_target_share:-",Year-2 TE: held back by ppr ppg; held back by rec yards pg; held back by vacated targets ahead.,veteran,,,,
Tre Watson,TE,23.887748117727583,KC,0.017966041183670414,0.029895771930330484,0.38682910799980164,Long shot,0.997115285693708,0.018018018018018018,0.0,25.721204462051574,75.0,,,,,0.07780613354707876,,"ppr_ppg_n1:-, rec_yards_pg_n1:-, vacated_target_share:-",Year-2 TE: held back by ppr ppg; held back by rec yards pg; held back by vacated targets ahead.,veteran,,,,
Bryce Pierre,TE,25.598904859685145,CAR,0.017966041183670414,0.029895771930330484,0.38682910799980164,Long shot,0.997115285693708,0.018018018018018018,0.0,25.43078972571215,75.0,,,,,0.07780613354707876,,"ppr_ppg_n1:-, rec_yards_pg_n1:-, vacated_target_share:-",Year-2 TE: held back by ppr ppg; held back by rec yards pg; held back by vacated targets ahead.,veteran,,,,
Zach Horton,TE,23.748117727583846,DET,0.017966041183670414,0.029895771930330484,0.38682910799980164,Long shot,0.997115285693708,0.018018018018018018,0.0,25.721204462051574,75.0,,,,,0.07780613354707876,,"ppr_ppg_n1:-, rec_yards_pg_n1:-, vacated_target_share:-",Year-2 TE: held back by ppr ppg; held back by rec yards pg; held back by vacated targets ahead.,veteran,,,,
Joshua Simon,TE,25.760438056125942,ATL,0.017966041183670414,0.029895771930330484,0.38682910799980164,Long shot,0.997115285693708,0.018018018018018018,0.0,25.43078972571215,75.0,,,,,0.07780613354707876,,"ppr_ppg_n1:-, rec_yards_pg_n1:-, vacated_target_share:-",Year-2 TE: held back by ppr ppg; held back by rec yards pg; held back by vacated targets ahead.,veteran,,,,
Thomas Gordon,TE,25.987679671457904,DET,0.017966041183670414,0.029895771930330484,0.38682910799980164,Long shot,0.997115285693708,0.018018018018018018,0.0,25.721204462051574,75.0,,,,,0.07780613354707876,,"ppr_ppg_n1:-, rec_yards_pg_n1:-, vacated_target_share:-",Year-2 TE: held back by ppr ppg; held back by rec yards pg; held back by vacated targets ahead.,veteran,,,,
Adam Trautman,TE,29.568788501026695,DEN,0.017964766194538444,0.02989365032858677,0.385988712310791,Long shot,0.9970445237968837,0.018018018018018018,0.0,23.71971600870115,69.0,,,,,0.07632322370202575,,"ppr_ppg_n1:-, rec_yards_pg_n1:-, ez_target_share_yoy_delta:-",Year-7 TE: held back by ppr ppg; held back by rec yards pg; held back by ez target share trend.,veteran,,,,
Brock Wright,TE,27.761806981519506,DET,0.01795653361926116,0.02987995119529564,0.38056090474128723,Long shot,0.9965876158689944,0.018018018018018018,0.0,23.12432906215511,75.0,,,,,0.07776495882090668,,"ppr_ppg_n1:-, rec_yards_pg_n1:-, ez_target_share_yoy_delta:-",Year-6 TE: held back by ppr ppg; held back by rec yards pg; held back by ez target share trend.,veteran,,,,
Noah Gray,TE,27.340177960301162,KC,0.017955676611396108,0.029878525120880347,0.379995733499527,Long shot,0.996540051932484,0.018018018018018018,0.0,-0.7817200960220774,50.0,,,,,0.07059858955359588,,"rec_yards_pg_n1:-, ez_target_share_yoy_delta:-, vacated_target_share:-",Year-6 TE: held back by rec yards pg; held back by ez target share trend; held back by vacated targets ahead.,veteran,,,,
Isaiah Likely,TE,26.3709787816564,NYG,0.017954915261582067,0.029877258222949576,0.3794936239719391,Long shot,0.9964977970178047,0.018018018018018018,0.0,-8.863012302268917,13.0,,,,,0.04738405072369902,,"ppr_ppg_n1:-, rec_yards_pg_n1:-, ez_target_share_yoy_delta:-",Year-5 TE: held back by ppr ppg; held back by rec yards pg; held back by ez target share trend.,veteran,,,,
Cole Kmet,TE,27.479808350444902,CHI,0.017954874592066364,0.029877190548242973,0.37946680188179016,Long shot,0.9964955398596832,0.018018018018018018,0.0,-0.427999463802728,49.0,,,,,0.07023988246374091,,"ppr_ppg_n1:-, rec_yards_pg_n1:-, ez_target_share_yoy_delta:-",Year-7 TE: held back by ppr ppg; held back by rec yards pg; held back by ez target share trend.,veteran,,,,
Tommy Tremble,TE,26.247775496235455,CAR,0.01795471308978192,0.029876921805930035,0.37936028838157654,Long shot,0.9964865764828965,0.018018018018018018,0.0,9.231058091895793,58.0,,,,,0.07321101491816993,,"ppr_ppg_n1:-, rec_yards_pg_n1:-, vacated_target_share:-",Year-6 TE: held back by ppr ppg; held back by rec yards pg; held back by vacated targets ahead.,veteran,,,,
Hunter Long,TE,28.035592060232716,JAX,0.017952209577772455,0.029872755923012667,0.3777090609073639,Long shot,0.9963476315663713,0.018018018018018018,0.0,24.42957321322504,75.0,,,,,0.07774623255026678,,"ppr_ppg_n1:-, rec_yards_pg_n1:-, vacated_target_share:-",Year-6 TE: held back by ppr ppg; held back by rec yards pg; held back by vacated targets ahead.,veteran,,,,
Cade Stover,TE,26.220396988364133,HOU,0.017952114696234447,0.029872598038657862,0.37764647603034973,Long shot,0.9963423656410118,0.018018018018018018,0.0,24.589180116778124,75.0,,,,,0.07774582164362674,,"ppr_ppg_n1:-, rec_yards_pg_n1:-, vacated_target_share:-",Year-3 TE: held back by ppr ppg; held back by rec yards pg; held back by vacated targets ahead.,veteran,,,,
Austin Hooper,TE,31.84120465434634,ATL,0.017950292793890033,0.029869566364823262,0.37644466757774353,Long shot,0.9962412500608968,0.018018018018018018,0.0,16.854423679757414,59.0,,,,,0.07349468369095821,,"ppr_ppg_n1:-, rec_yards_pg_n1:-, vacated_target_share:-",Year-11 TE: held back by ppr ppg; held back by rec yards pg; held back by vacated targets ahead.,veteran,,,,
Ja'Tavion Sanders,TE,23.433264887063654,CAR,0.0179488053064363,0.029867091162567437,0.3754633665084839,Long shot,0.9961586945072147,0.018018018018018018,0.0,-1.1224105050405646,47.0,,,,,0.06948343324686514,,"ppr_ppg_n1:-, rec_yards_pg_n1:-, ez_target_share_yoy_delta:-",Year-3 TE: held back by ppr ppg; held back by rec yards pg; held back by ez target share trend.,veteran,,,,
Davis Allen,TE,25.574264202600958,LA,0.017948362566290052,0.02986635443607876,0.3751712739467621,Long shot,0.9961341224290979,0.018018018018018018,0.0,22.022248234930643,75.0,,,,,0.07772957216937947,,"ppr_ppg_n1:-, rec_yards_pg_n1:-, vacated_target_share:-",Year-4 TE: held back by ppr ppg; held back by rec yards pg; held back by vacated targets ahead.,veteran,,,,
Elijah Higgins,TE,25.845311430527037,ARI,0.017941612417823116,0.029855122084054164,0.3707170784473419,Long shot,0.9957594891891829,0.018018018018018018,0.0,24.225977011935406,72.0,,,,,0.07697776038747439,,"ppr_ppg_n1:-, rec_yards_pg_n1:-, ez_target_share_yoy_delta:-",Year-4 TE: held back by ppr ppg; held back by rec yards pg; held back by ez target share trend.,veteran,,,,
Quentin Johnston,WR,24.985626283367555,LAC,0.050919534408486025,0.047811562765229416,0.6545321076081638,Worth a flier,2.784714209618187,0.018285371702637887,0.0,-5.553573795828079,45.0,,,,,0.19495263732628046,,"receptions_pg_n1:+, expectation_pos_rank:+, targets_pg_n1:+",Year-4 WR: boosted by receptions pg; boosted by a deep preseason ranking; boosted by targets pg.,veteran,,,,
Brian Thomas Jr.,WR,23.89869952087611,JAX,0.05016464726906155,0.04710275161315332,0.6475873413479446,Worth a flier,2.743430545730973,0.018285371702637887,0.0,0.2800785887404203,33.0,,,,,0.1768986318609126,,"expectation_pos_rank:+, rz_target_share_n1:-, receptions_pg_n1:+",Year-3 WR: boosted by a deep preseason ranking; held back by rz target share; boosted by receptions pg.,veteran,,,,
Michael Wilson,WR,26.521560574948666,ARI,0.04829304625523484,0.04534538736417602,0.629930915495985,Worth a flier,2.641075447663335,0.018285371702637887,0.0,-8.486390537700334,41.0,,,,,0.18050345176254465,,"receptions_pg_n1:+, expectation_pos_rank:+, targets_pg_n1:+",Year-4 WR: boosted by receptions pg; boosted by a deep preseason ranking; boosted by targets pg.,veteran,,,,
Josh Downs,WR,25.05407255304586,IND,0.048115929946843876,0.0451790816900619,0.6282264309088372,Worth a flier,2.6313892180765768,0.018285371702637887,0.0,-10.98255876933197,39.0,,,,,0.17749386539649784,,"receptions_pg_n1:+, expectation_pos_rank:+, rec_yards_pg_n1:-",Year-4 WR: boosted by receptions pg; boosted by a deep preseason ranking; held back by rec yards pg.,veteran,,,,
DK Metcalf,WR,28.71457905544148,PIT,0.04580737402464833,0.0430114329153178,0.6054454885072045,Worth a flier,2.505137700757817,0.018285371702637887,0.0,-10.62587694271531,34.0,,,,,0.16286115844045396,,"expectation_pos_rank:+, receptions_pg_n1:+, ez_target_share_yoy_delta:-",Year-8 WR: boosted by a deep preseason ranking; boosted by receptions pg; held back by ez target share trend.,veteran,,,,
Parker Washington,WR,24.449007529089663,JAX,0.04571711882998319,0.04292668661991764,0.6045327535891887,Worth a flier,2.5002017773249827,0.018285371702637887,0.0,-13.138224555325575,31.0,,,,,0.15844346010163415,,"expectation_pos_rank:+, draft_pick:-, receptions_pg_n1:+",Year-4 WR: boosted by a deep preseason ranking; held back by draft position; boosted by receptions pg.,veteran,,,,
Ricky Pearsall,WR,25.976728268309376,SF,0.04308246885156577,0.040452847566382975,0.5771003625201585,Worth a flier,2.3561166571938266,0.018285371702637887,0.0,76.7705210978159,175.0,,,,,0.22275721566375048,,"receptions_pg_n1:+, rz_target_share_n1:-, expectation_pos_rank:+",Year-3 WR: boosted by receptions pg; held back by rz target share; boosted by a deep preseason ranking.,veteran,,,,
Wan'Dale Robinson,WR,25.65366187542779,TEN,0.03953502570294495,0.037121929428056456,0.5375075484963373,Worth a flier,2.162112225328268,0.018285371702637887,0.0,-7.659061019394398,40.0,,,,,0.14681616710689321,,"receptions_pg_n1:+, expectation_pos_rank:+, targets_pg_n1:+",Year-5 WR: boosted by receptions pg; boosted by a deep preseason ranking; boosted by targets pg.,veteran,,,,
Courtland Sutton,WR,30.89390828199863,DEN,0.038579304839760804,0.03622454282452631,0.5262567528550269,Worth a flier,2.1098452614006895,0.018285371702637887,0.0,-9.009615278010834,38.0,,,,,0.1413376615452915,,"vacated_target_share:-, receptions_pg_n1:+, expectation_pos_rank:+",Year-9 WR: held back by vacated targets ahead; boosted by receptions pg; boosted by a deep preseason ranking.,veteran,,,,
Jerry Jeudy,WR,27.356605065023956,CLE,0.03665873576333908,0.03442119937276464,0.5028124602008018,Worth a flier,2.0048121722376915,0.018285371702637887,0.0,0.05633982004710408,60.0,,,,,0.15069943874314606,,"receptions_pg_n1:-, rec_yards_pg_n1:-, catch_percentage_yoy_delta:+",Year-7 WR: held back by receptions pg; held back by rec yards pg; boosted by catch percentage trend.,veteran,,,,
Chris Godwin Jr.,WR,30.510609171800137,TB,0.03433702955884292,0.03224120296847326,0.47283585281394885,Long shot,1.8778414853819672,0.018285371702637887,0.0,-6.2373078785658835,35.0,,,,,0.12304739571444086,,"expectation_pos_rank:+, receptions_pg_n1:+, rec_yards_pg_n1:-",Year-10 WR: boosted by a deep preseason ranking; boosted by receptions pg; held back by rec yards pg.,veteran,,,,
Jayden Reed,WR,26.34360027378508,GB,0.03340591447979178,0.03136692028775248,0.46025997954624165,Long shot,1.8269201754850064,0.018285371702637887,0.0,-12.249511916255774,47.0,,,,,0.12932100990447248,,"receptions_pg_n1:+, rz_target_share_n1:-, rec_yards_pg_n1:-",Year-4 WR: boosted by receptions pg; held back by rz target share; held back by rec yards pg.,veteran,,,,
Marvin Harrison Jr.,WR,24.057494866529773,ARI,0.03176941531598096,0.029830307995540584,0.43731154570780867,Long shot,1.7374224507231557,0.018285371702637887,0.0,-7.644196375412579,32.0,,,,,0.11108200087569643,,"expectation_pos_rank:+, receptions_pg_n1:-, targets_pg_n1:+",Year-3 WR: boosted by a deep preseason ranking; held back by receptions pg; boosted by targets pg.,veteran,,,,
Jakobi Meyers,WR,29.809719370294317,JAX,0.02979487402276335,0.027976286624962658,0.4080460972821734,Long shot,1.6294377006547303,0.018285371702637887,0.0,-4.604826276763859,44.0,,,,,0.11341902932988535,,"draft_pick:-, expectation_pos_rank:+, receptions_pg_n1:+",Year-8 WR: held back by draft position; boosted by a deep preseason ranking; boosted by receptions pg.,veteran,,,,
Khalil Shakir,WR,26.576317590691307,BUF,0.029096508409593474,0.02732054709915928,0.39724262899215845,Long shot,1.5912451156459646,0.018285371702637887,0.0,-8.094782968270751,49.0,,,,,0.11382621027596318,,"vacated_target_share:-, receptions_pg_n1:+, expectation_pos_rank:+",Year-5 WR: held back by vacated targets ahead; boosted by receptions pg; boosted by a deep preseason ranking.,veteran,,,,
Alec Pierce,WR,26.33264887063655,IND,0.02879168687956733,0.02703433093704509,0.3924479279593153,Long shot,1.5745748759055185,0.018285371702637887,0.0,-3.959580993412445,42.0,,,,,0.10829129602244146,,"receptions_pg_n1:-, expectation_pos_rank:+, targets_pg_n1:+",Year-5 WR: held back by receptions pg; boosted by a deep preseason ranking; boosted by targets pg.,veteran,,,,
Michael Pittman,WR,28.906228610540726,PIT,0.027437396346364107,0.025762702129303854,0.3705306291127828,Long shot,1.5005107247782077,0.018285371702637887,0.0,-10.956667374056826,36.0,,,,,0.09907418594340535,,"catch_percentage_yoy_delta:-, expectation_pos_rank:+, receptions_pg_n1:+",Year-7 WR: held back by catch percentage trend; boosted by a deep preseason ranking; boosted by receptions pg.,veteran,,,,
Romeo Doubs,WR,26.38466803559206,NE,0.026311149282263066,0.024705197719258654,0.35148636640415215,Long shot,1.4389179345185181,0.018285371702637887,0.0,-3.029347013795298,53.0,,,,,0.10495475473371843,,"receptions_pg_n1:+, rec_yards_pg_n1:-, ez_target_share_yoy_delta:-",Year-5 WR: boosted by receptions pg; held back by rec yards pg; held back by ez target share trend.,veteran,,,,
Elic Ayomanor,WR,23.247091033538673,TEN,0.02611004383885431,0.02451636713308651,0.34800237812386214,Long shot,1.4279197745314425,0.018285371702637887,0.0,9.495568815330296,86.0,,,,,0.11660505675836655,,"receptions_pg_n1:-, rec_yards_pg_n1:-, catch_percentage_n1:+",Year-2 WR: held back by receptions pg; held back by rec yards pg; boosted by catch percentage.,veteran,,,,
Darnell Mooney,WR,28.840520191649556,NYG,0.026070682414645125,0.024479408209051406,0.3473174134341632,Long shot,1.4257671563156746,0.018285371702637887,0.0,8.935145123783443,78.0,,,,,0.11391448728902089,,"receptions_pg_n1:-, draft_pick:-, rec_yards_pg_n1:-",Year-7 WR: held back by receptions pg; held back by draft position; held back by rec yards pg.,veteran,,,,
Jordan Addison,WR,24.594113620807665,MIN,0.025951910656919652,0.02436788591382237,0.34524442780125425,Long shot,1.419271704122688,0.018285371702637887,0.0,-0.8314337428795051,46.0,,,,,0.0999186865755329,,"receptions_pg_n1:-, vacated_target_share:-, catch_percentage_yoy_delta:+",Year-4 WR: held back by receptions pg; held back by vacated targets ahead; boosted by catch percentage trend.,veteran,,,,
Troy Franklin,WR,23.567419575633128,DEN,0.02448020226315951,0.022986006070304963,0.318760822967927,Long shot,1.338786143440986,0.018285371702637887,0.0,-3.8595976731624697,73.0,,,,,0.10536438403544258,,"catch_percentage_yoy_delta:-, vacated_target_share:-, receptions_pg_n1:+",Year-3 WR: held back by catch percentage trend; held back by vacated targets ahead; boosted by receptions pg.,veteran,,,,
Xavier Worthy,WR,23.34839151266256,KC,0.023735263489512742,0.022286536066381875,0.30475697436711435,Long shot,1.298046541000238,0.018285371702637887,0.0,4.685710063169392,52.0,,,,,0.09423592469844136,,"receptions_pg_n1:-, rz_target_share_n1:-, targets_pg_n1:+",Year-3 WR: held back by receptions pg; held back by rz target share; boosted by targets pg.,veteran,,,,
DJ Moore,WR,29.38261464750171,BUF,0.022310222490261628,0.020948475183261053,0.27672827300377395,Long shot,1.2201131512707017,0.018285371702637887,0.0,-0.4920015109762239,25.0,,,,,0.07268885865801042,,"expectation_pos_rank:-, catch_percentage_yoy_delta:+, vacated_target_share:-",Year-9 WR: held back by a deep preseason ranking; boosted by catch percentage trend; held back by vacated targets ahead.,veteran,,,,
Tre Tucker,WR,25.483915126625597,LV,0.02104954223775889,0.019764742972831126,0.2504313106829969,Long shot,1.1511684082813716,0.018285371702637887,0.0,-1.970518754630141,64.0,,,,,0.08786894115443122,,"receptions_pg_n1:-, rec_yards_pg_n1:-, targets_pg_n1:+",Year-4 WR: held back by receptions pg; held back by rec yards pg; boosted by targets pg.,veteran,,,,
Jauan Jennings,WR,29.144421629021217,MIN,0.02074065018160571,0.019474704736975077,0.24375277592316194,Long shot,1.1342755574727321,0.018285371702637887,0.0,0.8069065619297449,59.0,,,,,0.08491936828800815,,"draft_pick:-, vacated_target_share:-, receptions_pg_n1:+",Year-7 WR: held back by draft position; held back by vacated targets ahead; boosted by receptions pg.,veteran,,,,
Olamide Zaccheaus,WR,29.1088295687885,ATL,0.02022532084922591,0.018990829520792143,0.23239080263705522,Long shot,1.1060929566068467,0.018285371702637887,0.0,19.04626149556686,127.0,,,,,0.09813386885792852,,"receptions_pg_n1:-, rec_yards_pg_n1:-, catch_percentage_yoy_delta:+",Year-8 WR: held back by receptions pg; held back by rec yards pg; boosted by catch percentage trend.,veteran,,,,
Darius Slayton,WR,29.634496919917865,NYG,0.019850773165145285,0.01863914307444067,0.2239532039910035,Long shot,1.0856094963758145,0.018285371702637887,0.0,10.38308110346658,102.0,,,,,0.0920029538272698,,"receptions_pg_n1:-, draft_pick:-, rec_yards_pg_n1:-",Year-8 WR: held back by receptions pg; held back by draft position; held back by rec yards pg.,veteran,,,,
Adonai Mitchell,WR,23.89869952087611,NYJ,0.019829280972180393,0.01861896269877855,0.22346431421731663,Long shot,1.0844341200523573,0.018285371702637887,0.0,-12.36843238600039,63.0,,,,,0.08246766119038686,,"receptions_pg_n1:-, rz_target_share_n1:-, rec_yards_pg_n1:-",Year-3 WR: held back by receptions pg; held back by rz target share; held back by rec yards pg.,veteran,,,,
Cooper Kupp,WR,33.21286789869952,SEA,0.019642731850614107,0.01844379996136989,0.21919884979752266,Long shot,1.074232023830306,0.018285371702637887,0.0,10.759786237232738,82.0,,,,,0.08679810114955323,,"receptions_pg_n1:-, vacated_target_share:-, age:-",Year-10 WR: held back by receptions pg; held back by vacated targets ahead; held back by age.,veteran,,,,
DeMario Douglas,WR,25.730321697467488,NE,0.019377816678343287,0.01819505439577067,0.2130727305146114,Long shot,1.0597442039172658,0.018285371702637887,0.0,36.74404407264342,132.0,,,,,0.09476428889977705,,"receptions_pg_n1:-, targets_pg_n1:-, catch_percentage_yoy_delta:+",Year-4 WR: held back by receptions pg; held back by targets pg; boosted by catch percentage trend.,veteran,,,,
Jayden Higgins,WR,23.71252566735113,HOU,0.0192980890150008,0.018120193063586355,0.21121294436904006,Long shot,1.0553840156400438,0.018285371702637887,0.0,-5.015498692483668,50.0,,,,,0.07587672105177588,,"receptions_pg_n1:-, targets_pg_n1:-, rec_yards_pg_n1:-",Year-2 WR: held back by receptions pg; held back by targets pg; held back by rec yards pg.,veteran,,,,
Xavier Legette,WR,25.587953456536617,CAR,0.019197802228111766,0.01802602747347308,0.20886284198583083,Long shot,1.0498994792291945,0.018285371702637887,0.0,2.989189731983897,101.0,,,,,0.08878931337982511,,"receptions_pg_n1:-, targets_pg_n1:-, rec_yards_pg_n1:-",Year-3 WR: held back by receptions pg; held back by targets pg; held back by rec yards pg.,veteran,,,,
Garrett Wilson,WR,26.11088295687885,NYJ,0.018981103747048877,0.017822555600667787,0.20374334098820354,Long shot,1.0380485590189354,0.018285371702637887,0.0,-11.728744330081636,16.0,,,,,0.05377751642105432,,"expectation_pos_rank:-, receptions_pg_n1:+, rz_target_share_n1:-",Year-5 WR: held back by a deep preseason ranking; boosted by receptions pg; held back by rz target share.,veteran,,,,
Malik Nabers,WR,23.096509240246405,NYG,0.018787494205927967,0.017640763389981214,0.19912054087098863,Long shot,1.0274603388684542,0.018285371702637887,0.0,-3.50628365131995,14.0,,,,,0.05087747746256984,,"expectation_pos_rank:-, rz_target_share_n1:-, receptions_pg_n1:+",Year-3 WR: held back by a deep preseason ranking; held back by rz target share; boosted by receptions pg.,veteran,,,,
Marquise Brown,WR,29.242984257357975,PHI,0.01867475422022875,0.017534904705980545,0.19640705649735615,Long shot,1.0212947553882479,0.018285371702637887,0.0,7.622518479556071,111.0,,,,,0.08811680670986266,,"receptions_pg_n1:-, ez_target_share_yoy_delta:-, rec_yards_pg_n1:-",Year-8 WR: held back by receptions pg; held back by ez target share trend; held back by rec yards pg.,veteran,,,,
Keon Coleman,WR,23.293634496919918,BUF,0.0185356383425161,0.017404280033226468,0.19303648092046966,Long shot,1.0136867132890772,0.018285371702637887,0.0,11.866337853436894,88.0,,,,,0.08319974040041932,,"receptions_pg_n1:-, vacated_target_share:-, catch_percentage_yoy_delta:-",Year-3 WR: held back by receptions pg; held back by vacated targets ahead; held back by catch percentage trend.,veteran,,,,
Mack Hollins,WR,32.95824777549623,NE,0.018357022553351195,0.017236566402029252,0.18867225821734102,Long shot,1.0039184793111409,0.018285371702637887,0.0,14.749044896352967,107.0,,,,,0.08594998853406921,,"receptions_pg_n1:-, rz_target_share_n1:-, catch_percentage_yoy_delta:-",Year-10 WR: held back by receptions pg; held back by rz target share; held back by catch percentage trend.,veteran,,,,
Emeka Egbuka,WR,23.88227241615332,TB,0.018273547680648976,0.017158186578610117,0.1866183447113289,Long shot,0.9993533616827048,0.018285371702637887,0.0,-3.3154054527463668,20.0,,,,,0.05563422593054462,,"expectation_pos_rank:-, receptions_pg_n1:+, targets_pg_n1:+",Year-2 WR: held back by a deep preseason ranking; boosted by receptions pg; boosted by targets pg.,veteran,,,,
Terry McLaurin,WR,30.962354551676935,WAS,0.018037305057519375,0.01693636347801042,0.18075519702728696,Long shot,0.9864336011784368,0.018285371702637887,0.0,-5.05001968632466,22.0,,,,,0.056555865678801595,,"expectation_pos_rank:-, receptions_pg_n1:+, targets_pg_n1:+",Year-8 WR: held back by a deep preseason ranking; boosted by receptions pg; boosted by targets pg.,veteran,,,,
Chimere Dike,WR,24.71457905544148,TEN,0.018036352328416796,0.016935468900559636,0.1807313994328423,Long shot,0.9863814978294826,0.018285371702637887,0.0,-1.603583948125032,84.0,,,,,0.08012922333434293,,"receptions_pg_n1:-, rec_yards_pg_n1:-, air_yards_share_n1:-",Year-2 WR: held back by receptions pg; held back by rec yards pg; held back by air yards share.,veteran,,,,
DeVonta Smith,WR,27.797399041752225,PHI,0.017978036607203873,0.016880712591466077,0.17927241222220466,Long shot,0.9831922970759366,0.018285371702637887,0.0,-2.6742565870019424,13.0,,,,,0.04744506928033281,,"expectation_pos_rank:-, targets_pg_n1:+, receptions_pg_n1:+",Year-6 WR: held back by a deep preseason ranking; boosted by targets pg; boosted by receptions pg.,veteran,,,,
Ladd McConkey,WR,24.804928131416837,LAC,0.01789238865089036,0.016800292322770242,0.17712115201200765,Long shot,0.9785083367109878,0.018285371702637887,0.0,-1.220974115621512,19.0,,,,,0.053600806132443404,,"expectation_pos_rank:-, targets_pg_n1:+, receptions_pg_n1:+",Year-3 WR: held back by a deep preseason ranking; boosted by targets pg; boosted by receptions pg.,veteran,,,,
Calvin Ridley,WR,31.698836413415467,TEN,0.017868837263866476,0.01677817843991602,0.17652782631088323,Long shot,0.9772203461025996,0.018285371702637887,0.0,-0.9321804547097157,76.0,,,,,0.07761875218900435,,"receptions_pg_n1:-, rz_target_share_n1:-, rec_yards_pg_n1:-",Year-9 WR: held back by receptions pg; held back by rz target share; held back by rec yards pg.,veteran,,,,
Rome Odunze,WR,24.413415468856947,CHI,0.01779858113119859,0.01671221052532855,0.17475329906748485,Long shot,0.9733781418635821,0.018285371702637887,0.0,-8.916058673585894,29.0,,,,,0.06053648754073409,,"expectation_pos_rank:-, receptions_pg_n1:+, targets_pg_n1:+",Year-3 WR: held back by a deep preseason ranking; boosted by receptions pg; boosted by targets pg.,veteran,,,,
Mike Evans,WR,33.02943189596167,SF,0.017740355356093567,0.01665753867230933,0.17327740853488915,Long shot,0.9701938601299697,0.018285371702637887,0.0,-11.065360492089571,26.0,,,,,0.058469317198630535,,"expectation_pos_rank:-, ez_target_share_yoy_delta:-, receptions_pg_n1:+",Year-11 WR: held back by a deep preseason ranking; held back by ez target share trend; boosted by receptions pg.,veteran,,,,
Isaiah Bond,WR,22.46406570841889,CLE,0.017603454425801805,0.01652899375340347,0.1697884353683473,Long shot,0.9627069502372922,0.018285371702637887,0.0,12.642857704986005,113.0,,,,,0.08337345353786572,,"receptions_pg_n1:-, targets_pg_n1:-, draft_pick:-",Year-2 WR: held back by receptions pg; held back by targets pg; held back by draft position.,veteran,,,,
Kayshon Boutte,WR,24.320328542094455,NE,0.017573754624677897,0.016501106736720263,0.16902800373004723,Long shot,0.9610827119332045,0.018285371702637887,0.0,0.5201536306537781,70.0,,,,,0.07491129020267623,,"targets_pg_n1:-, receptions_pg_n1:-, draft_pick:-",Year-4 WR: held back by targets pg; held back by receptions pg; held back by draft position.,veteran,,,,
Rashee Rice,WR,26.36002737850787,KC,0.017424265301533244,0.016360741781712523,0.16518119966283396,Long shot,0.9529073614084411,0.018285371702637887,0.0,-7.803146183567101,12.0,,,,,0.044692358089407046,,"expectation_pos_rank:-, receptions_pg_n1:+, targets_pg_n1:+",Year-4 WR: held back by a deep preseason ranking; boosted by receptions pg; boosted by targets pg.,veteran,,,,
Tetairoa McMillan,WR,23.408624229979466,CAR,0.017410953642106597,0.016348242625002236,0.16483707904476605,Long shot,0.952179366394551,0.018285371702637887,0.0,-4.839857384606143,17.0,,,,,0.05032412868518427,,"expectation_pos_rank:-, receptions_pg_n1:+, targets_pg_n1:+",Year-2 WR: held back by a deep preseason ranking; boosted by receptions pg; boosted by targets pg.,veteran,,,,
Rashid Shaheed,WR,28.00273785078713,SEA,0.017316272345538633,0.016259340383335274,0.16238197559016002,Long shot,0.9470013859789653,0.018285371702637887,0.0,-3.6797202996076863,57.0,,,,,0.07031173701416059,,"receptions_pg_n1:-, draft_pick:-, vacated_target_share:-",Year-5 WR: held back by receptions pg; held back by draft position; held back by vacated targets ahead.,veteran,,,,
Drake London,WR,25.10609171800137,ATL,0.017272632746351248,0.01621836441095385,0.16124594472377998,Long shot,0.9446148006857011,0.018285371702637887,0.0,-9.954171013204322,7.0,,,,,0.03591743006694225,,"expectation_pos_rank:-, receptions_pg_n1:+, targets_pg_n1:+",Year-5 WR: held back by a deep preseason ranking; boosted by receptions pg; boosted by targets pg.,veteran,,,,
Calvin Austin III,WR,27.44147843942505,NYG,0.017269933002815378,0.01621582945145324,0.1611755720130549,Long shot,0.9444671556949525,0.018285371702637887,0.0,27.826609373843716,130.0,,,,,0.08419433114718874,,"receptions_pg_n1:-, targets_pg_n1:-, rz_target_share_n1:-",Year-5 WR: held back by receptions pg; held back by targets pg; held back by rz target share.,veteran,,,,
CeeDee Lamb,WR,27.40041067761807,DAL,0.017268080113289723,0.016214089656600796,0.16112726751259146,Long shot,0.944365823900566,0.018285371702637887,0.0,-4.214195728643672,5.0,,,,,0.030940246058375524,,"expectation_pos_rank:-, vacated_target_share:-, receptions_pg_n1:+",Year-7 WR: held back by a deep preseason ranking; held back by vacated targets ahead; boosted by receptions pg.,veteran,,,,
Travis Hunter,WR,23.290896646132786,JAX,0.01718315356317148,0.016134346761686656,0.1589077580374005,Long shot,0.9397213161760667,0.018285371702637887,0.0,-17.6702446617587,66.0,,,,,0.0722498789649287,,"receptions_pg_n1:-, targets_pg_n1:-, rz_target_share_n1:-",Year-2 WR: held back by receptions pg; held back by targets pg; held back by rz target share.,veteran,,,,
Christian Watson,WR,27.307323750855577,GB,0.017163606064487337,0.016115992382152416,0.1583953673234588,Long shot,0.9386522923136027,0.018285371702637887,0.0,-14.27959037274092,28.0,,,,,0.057794939128478766,,"expectation_pos_rank:-, catch_percentage_yoy_delta:-, rz_target_share_n1:-",Year-5 WR: held back by a deep preseason ranking; held back by catch percentage trend; held back by rz target share.,veteran,,,,
Jakobie Keeney-James,WR,25.930184804928132,GB,0.017134208635745735,0.01608838928197204,0.15762370261104994,Long shot,0.93704459030898,0.018285371702637887,0.0,63.25685992089333,175.0,,,,,0.0885921515187678,,"receptions_pg_n1:-, targets_pg_n1:-, draft_pick:-",Year-2 WR: held back by receptions pg; held back by targets pg; held back by draft position.,veteran,,,,
Jalen Nailor,WR,27.50171115674196,LV,0.017096573714811315,0.01605305148076621,0.15663390567840574,Long shot,0.9349863920100091,0.018285371702637887,0.0,-0.19758682684030737,69.0,,,,,0.07263471208272201,,"receptions_pg_n1:-, targets_pg_n1:-, draft_pick:-",Year-5 WR: held back by receptions pg; held back by targets pg; held back by draft position.,veteran,,,,
Tyquan Thornton,WR,26.067077344284737,KC,0.01705287503457458,0.016012020033460833,0.15548193943960772,Long shot,0.9325965756613248,0.018285371702637887,0.0,5.195065845354179,103.0,,,,,0.0792002176147733,,"receptions_pg_n1:-, targets_pg_n1:-, rz_target_share_n1:-",Year-5 WR: held back by receptions pg; held back by targets pg; held back by rz target share.,veteran,,,,
Luther Burden III,WR,22.72142368240931,CHI,0.01704521809430794,0.016004830449258996,0.155279791449882,Long shot,0.9321778288952672,0.018285371702637887,0.0,-13.503335906745546,23.0,,,,,0.05417062065373146,,"expectation_pos_rank:-, targets_pg_n1:-, receptions_pg_n1:-",Year-2 WR: held back by a deep preseason ranking; held back by targets pg; held back by receptions pg.,veteran,,,,
Justin Jefferson,WR,27.211498973305954,MIN,0.01702551173846845,0.015986326908721187,0.15475912029947794,Long shot,0.9311001173693567,0.018285371702637887,0.0,-4.164452565824465,6.0,,,,,0.03313011608474613,,"expectation_pos_rank:-, vacated_target_share:-, receptions_pg_n1:+",Year-7 WR: held back by a deep preseason ranking; held back by vacated targets ahead; boosted by receptions pg.,veteran,,,,
Tee Higgins,WR,27.619438740588638,CIN,0.01702120881834782,0.015982286625599765,0.15464535191049336,Long shot,0.93086479701653,0.018285371702637887,0.0,-1.9026376732461736,18.0,,,,,0.050117910717274866,,"expectation_pos_rank:-, vacated_target_share:-, receptions_pg_n1:+",Year-7 WR: held back by a deep preseason ranking; held back by vacated targets ahead; boosted by receptions pg.,veteran,,,,
Jameson Williams,WR,25.43463381245722,DET,0.017003101272736024,0.0159652843088347,0.1541662815910831,Long shot,0.9298745220630719,0.018285371702637887,0.0,-4.000914808216347,27.0,,,,,0.056657810747976725,,"expectation_pos_rank:-, vacated_target_share:-, receptions_pg_n1:+",Year-5 WR: held back by a deep preseason ranking; held back by vacated targets ahead; boosted by receptions pg.,veteran,,,,
A.J. Brown,WR,29.17180013689254,NE,0.016976711568766033,0.015940505351164053,0.1534671911452438,Long shot,0.9284313080885819,0.018285371702637887,0.0,-3.234199424772882,8.0,,,,,0.03730164790124085,,"expectation_pos_rank:-, receptions_pg_n1:+, targets_pg_n1:+",Year-8 WR: held back by a deep preseason ranking; boosted by receptions pg; boosted by targets pg.,veteran,,,,
Nico Collins,WR,27.45516769336071,HOU,0.016952141552914097,0.01591743501344997,0.15281534437509817,Long shot,0.9270876101724825,0.018285371702637887,0.0,-6.280031253877544,9.0,,,,,0.03903374843406494,,"expectation_pos_rank:-, targets_pg_n1:+, receptions_pg_n1:+",Year-6 WR: held back by a deep preseason ranking; boosted by targets pg; boosted by receptions pg.,veteran,,,,
Ja'Marr Chase,WR,26.50239561943874,CIN,0.016910406681536067,0.015878247510155423,0.15170597772055952,Long shot,0.9248051916328578,0.018285371702637887,0.0,-0.5477781783859638,1.0,,,,,0.011721400713428785,,"expectation_pos_rank:-, vacated_target_share:-, receptions_pg_n1:+",Year-6 WR: held back by a deep preseason ranking; held back by vacated targets ahead; boosted by receptions pg.,veteran,,,,
Jalen Coker,WR,24.83778234086242,CAR,0.01689435605971753,0.01586317656888676,0.15127861417050045,Long shot,0.9239274068068473,0.018285371702637887,0.0,-10.317235337109405,51.0,,,,,0.06675371826043697,,"receptions_pg_n1:-, targets_pg_n1:-, draft_pick:-",Year-3 WR: held back by receptions pg; held back by targets pg; held back by draft position.,veteran,,,,
Theo Wease Jr.,WR,25.1854893908282,MIA,0.016881689458587968,0.015851283098100678,0.15094107137698143,Long shot,0.9232346890794995,0.018285371702637887,0.0,38.50450372669147,147.0,,,,,0.08436138576433007,,"receptions_pg_n1:-, targets_pg_n1:-, draft_pick:-",Year-2 WR: held back by receptions pg; held back by targets pg; held back by draft position.,veteran,,,,
Tyler Scott,WR,24.8870636550308,LA,0.016861025844683346,0.01583188072758347,0.1503898869664254,Long shot,0.9221046265223549,0.018285371702637887,0.0,74.52567142106412,175.0,,,,,0.08717966426985986,,"receptions_pg_n1:-, targets_pg_n1:-, rz_target_share_n1:-",Year-4 WR: held back by receptions pg; held back by targets pg; held back by rz target share.,veteran,,,,
Jackson Meeks,WR,23.44147843942505,DET,0.016859116178615092,0.015830087621653815,0.15033891469564178,Long shot,0.9220001897026222,0.018285371702637887,0.0,74.92437525880402,175.0,,,,,0.0871697903720181,,"receptions_pg_n1:-, targets_pg_n1:-, draft_pick:-",Year-2 WR: held back by receptions pg; held back by targets pg; held back by draft position.,veteran,,,,
Rashod Bateman,WR,26.757015742642025,BAL,0.016846642530289304,0.015818375326426302,0.150005831768417,Long shot,0.9213180242794283,0.018285371702637887,0.0,4.766479176370353,81.0,,,,,0.07423842389000644,,"receptions_pg_n1:-, targets_pg_n1:-, rec_yards_pg_n1:-",Year-6 WR: held back by receptions pg; held back by targets pg; held back by rec yards pg.,veteran,,,,
Puka Nacua,WR,25.259411362080765,LA,0.016839915836300547,0.015812059209132968,0.14982610861871165,Long shot,0.9209501513098136,0.018285371702637887,0.0,-8.229130785287397,2.0,,,,,0.01850053847789649,,"expectation_pos_rank:-, vacated_target_share:-, draft_pick:-",Year-4 WR: held back by a deep preseason ranking; held back by vacated targets ahead; held back by draft position.,veteran,,,,
Jamaal Pritchett,WR,23.227926078028748,NYJ,0.016835113608553894,0.01580755009458608,0.14969775994942724,Long shot,0.9206875245596032,0.018285371702637887,0.0,69.45231656889898,175.0,,,,,0.08704568546767688,,"receptions_pg_n1:-, targets_pg_n1:-, draft_pick:-",Year-2 WR: held back by receptions pg; held back by targets pg; held back by draft position.,veteran,,,,
Zay Flowers,WR,25.971252566735114,BAL,0.01683384612998745,0.015806359979009865,0.1496638781656013,Long shot,0.9206182080268548,0.018285371702637887,0.0,-10.196358724942423,15.0,,,,,0.04667333193192299,,"expectation_pos_rank:-, catch_percentage_yoy_delta:-, receptions_pg_n1:+",Year-4 WR: held back by a deep preseason ranking; held back by catch percentage trend; boosted by receptions pg.,veteran,,,,
Mario Williams,WR,23.61122518822724,LA,0.01683210862743337,0.015804728528263427,0.1496174277894312,Long shot,0.9205231865757005,0.018285371702637887,0.0,74.92437525880402,175.0,,,,,0.08703014826088783,,"receptions_pg_n1:-, targets_pg_n1:-, draft_pick:-",Year-2 WR: held back by receptions pg; held back by targets pg; held back by draft position.,veteran,,,,
Jaylen Waddle,WR,27.76728268309377,DEN,0.016820507095912263,0.01579383511851532,0.14930715158487387,Long shot,0.9198887159338248,0.018285371702637887,0.0,-6.767338834800902,21.0,,,,,0.051992901520479605,,"expectation_pos_rank:-, vacated_target_share:-, receptions_pg_n1:+",Year-6 WR: held back by a deep preseason ranking; held back by vacated targets ahead; boosted by receptions pg.,veteran,,,,
Jimmy Holiday,WR,24.709103353867214,KC,0.01679843850525264,0.015773113526699533,0.14871635829732954,Long shot,0.9186818172708658,0.018285371702637887,0.0,74.92813014003008,175.0,,,,,0.08685605743304138,,"receptions_pg_n1:-, targets_pg_n1:-, draft_pick:-",Year-2 WR: held back by receptions pg; held back by targets pg; held back by draft position.,veteran,,,,
Andrew Armstrong,WR,25.83436002737851,KC,0.01679843850525264,0.015773113526699533,0.14871635829732954,Long shot,0.9186818172708658,0.018285371702637887,0.0,74.4572961290085,175.0,,,,,0.08685605743304138,,"receptions_pg_n1:-, targets_pg_n1:-, draft_pick:-",Year-2 WR: held back by receptions pg; held back by targets pg; held back by draft position.,veteran,,,,
Danny Gray,WR,27.419575633127995,PHI,0.01679273135442543,0.015767754722791457,0.14856344915536865,Long shot,0.9183697016125123,0.018285371702637887,0.0,69.29757098986452,175.0,,,,,0.08682654870103203,,"receptions_pg_n1:-, targets_pg_n1:-, rz_target_share_n1:-",Year-5 WR: held back by receptions pg; held back by targets pg; held back by rz target share.,veteran,,,,
Jacob Cowing,WR,25.571526351813826,SF,0.01679273135442543,0.015767754722791457,0.14856344915536865,Long shot,0.9183697016125123,0.018285371702637887,0.0,51.03013584791108,174.0,,,,,0.08673086336320208,,"receptions_pg_n1:-, targets_pg_n1:-, rz_target_share_n1:-",Year-3 WR: held back by receptions pg; held back by targets pg; held back by rz target share.,veteran,,,,
Ja'Seem Reed,WR,23.449691991786448,CAR,0.01679022330227501,0.015765399754424182,0.14849623586064717,Long shot,0.9182325399408106,0.018285371702637887,0.0,69.20286176955594,175.0,,,,,0.08681358085752956,,"receptions_pg_n1:-, targets_pg_n1:-, draft_pick:-",Year-2 WR: held back by receptions pg; held back by targets pg; held back by draft position.,veteran,,,,
Jalen McMillan,WR,24.7337440109514,TB,0.016787251164021015,0.015762609026340576,0.1484165727299123,Long shot,0.9180699980848216,0.018285371702637887,0.0,-8.682182283973766,62.0,,,,,0.06955184325831215,,"receptions_pg_n1:-, targets_pg_n1:-, rz_target_share_n1:-",Year-3 WR: held back by receptions pg; held back by targets pg; held back by rz target share.,veteran,,,,
Bub Means,WR,25.639972621492127,NO,0.016784451631614915,0.015759980368775215,0.1483415233127886,Long shot,0.9179168957879896,0.018285371702637887,0.0,69.6410055108269,175.0,,,,,0.0867837385267569,,"receptions_pg_n1:-, targets_pg_n1:-, rz_target_share_n1:-",Year-3 WR: held back by receptions pg; held back by targets pg; held back by rz target share.,veteran,,,,
Terrace Marshall Jr.,WR,26.22861054072553,MIA,0.016769801240912412,0.01574622419282536,0.14794857698074154,Long shot,0.9171156875358003,0.018285371702637887,0.0,69.29757098986452,175.0,,,,,0.08670798891610856,,"receptions_pg_n1:-, targets_pg_n1:-, rz_target_share_n1:-",Year-6 WR: held back by receptions pg; held back by targets pg; held back by rz target share.,veteran,,,,
Amon-Ra St. Brown,WR,26.85557837097878,DET,0.016769070268461434,0.015745537836682758,0.14792896231299768,Long shot,0.9170757117309402,0.018285371702637887,0.0,-6.363302387595512,4.0,,,,,0.02698877744633331,,"expectation_pos_rank:-, vacated_target_share:-, receptions_pg_n1:+",Year-6 WR: held back by a deep preseason ranking; held back by vacated targets ahead; boosted by receptions pg.,veteran,,,,
Dayton Wade,WR,25.979466119096507,BAL,0.01676691244722943,0.015743511722216698,0.1478710551592324,Long shot,0.9169577036714325,0.018285371702637887,0.0,69.05988529637732,175.0,,,,,0.08669305245460572,,"receptions_pg_n1:-, targets_pg_n1:-, rz_target_share_n1:-",Year-3 WR: held back by receptions pg; held back by targets pg; held back by rz target share.,veteran,,,,
Cornelius Johnson,WR,25.754962354551676,BAL,0.01676691244722943,0.015743511722216698,0.1478710551592324,Long shot,0.9169577036714325,0.018285371702637887,0.0,68.66118145863742,175.0,,,,,0.08669305245460572,,"receptions_pg_n1:-, targets_pg_n1:-, rz_target_share_n1:-",Year-3 WR: held back by receptions pg; held back by targets pg; held back by rz target share.,veteran,,,,
Xavier Guillory,WR,25.136208076659823,BAL,0.01676691244722943,0.015743511722216698,0.1478710551592324,Long shot,0.9169577036714325,0.018285371702637887,0.0,69.05988529637732,175.0,,,,,0.08669305245460572,,"receptions_pg_n1:-, targets_pg_n1:-, rz_target_share_n1:-",Year-2 WR: held back by receptions pg; held back by targets pg; held back by rz target share.,veteran,,,,
Ben Nikkel,WR,25.305954825462013,IND,0.01676398009370757,0.015740758350527642,0.1477923509510968,Long shot,0.9167973375837453,0.018285371702637887,0.0,74.59019215970531,175.0,,,,,0.08667789076765316,,"receptions_pg_n1:-, targets_pg_n1:-, draft_pick:-",Year-3 WR: held back by receptions pg; held back by targets pg; held back by draft position.,veteran,,,,
Traeshon Holden,WR,24.969199178644764,DAL,0.01676398009370757,0.015740758350527642,0.1477923509510968,Long shot,0.9167973375837453,0.018285371702637887,0.0,75.37770049572407,175.0,,,,,0.08667789076765316,,"receptions_pg_n1:-, targets_pg_n1:-, draft_pick:-",Year-2 WR: held back by receptions pg; held back by targets pg; held back by draft position.,veteran,,,,
Eli Pancol,WR,26.151950718685832,IND,0.01676398009370757,0.015740758350527642,0.1477923509510968,Long shot,0.9167973375837453,0.018285371702637887,0.0,74.36331640738916,175.0,,,,,0.08667789076765316,,"receptions_pg_n1:-, targets_pg_n1:-, draft_pick:-",Year-2 WR: held back by receptions pg; held back by targets pg; held back by draft position.,veteran,,,,
Brennan Presley,WR,24.577686516084874,LA,0.01676398009370757,0.015740758350527642,0.1477923509510968,Long shot,0.9167973375837453,0.018285371702637887,0.0,74.92437525880402,175.0,,,,,0.08667789076765316,,"receptions_pg_n1:-, targets_pg_n1:-, draft_pick:-",Year-2 WR: held back by receptions pg; held back by targets pg; held back by draft position.,veteran,,,,
Tru Edwards,WR,25.229295003422312,LA,0.01676398009370757,0.015740758350527642,0.1477923509510968,Long shot,0.9167973375837453,0.018285371702637887,0.0,74.92437525880402,175.0,,,,,0.08667789076765316,,"receptions_pg_n1:-, targets_pg_n1:-, draft_pick:-",Year-2 WR: held back by receptions pg; held back by targets pg; held back by draft position.,veteran,,,,
Jaden Smith,WR,24.71731690622861,DAL,0.01676398009370757,0.015740758350527642,0.1477923509510968,Long shot,0.9167973375837453,0.018285371702637887,0.0,75.37770049572407,175.0,,,,,0.08667789076765316,,"receptions_pg_n1:-, targets_pg_n1:-, draft_pick:-",Year-2 WR: held back by receptions pg; held back by targets pg; held back by draft position.,veteran,,,,
George Pickens,WR,25.49486652977413,DAL,0.016763708629577302,0.015740503455732285,0.14778506418360368,Long shot,0.9167824916109818,0.018285371702637887,0.0,-5.484405342465433,10.0,,,,,0.040197617677432664,,"expectation_pos_rank:-, vacated_target_share:-, catch_percentage_yoy_delta:-",Year-5 WR: held back by a deep preseason ranking; held back by vacated targets ahead; held back by catch percentage trend.,veteran,,,,
Ja'Lynn Polk,WR,25.39082819986311,NO,0.016756559711115046,0.01573379088524765,0.147593127758382,Long shot,0.9163915278078656,0.018285371702637887,0.0,69.6410055108269,175.0,,,,,0.08663952379822146,,"receptions_pg_n1:-, targets_pg_n1:-, rz_target_share_n1:-",Year-3 WR: held back by receptions pg; held back by targets pg; held back by rz target share.,veteran,,,,
Ainias Smith,WR,25.253935660506503,CAR,0.016750641012632423,0.015728233445901872,0.14743415968723916,Long shot,0.9160678429203569,0.018285371702637887,0.0,68.80415793181604,175.0,,,,,0.0866089212624456,,"receptions_pg_n1:-, targets_pg_n1:-, rz_target_share_n1:-",Year-3 WR: held back by receptions pg; held back by targets pg; held back by rz target share.,veteran,,,,
Ihmir Smith-Marsette,WR,27.00889801505818,ARI,0.01674205451920409,0.015720171045602045,0.14720344004142108,Long shot,0.9155982602633581,0.018285371702637887,0.0,73.17188204046448,175.0,,,,,0.08656452493560089,,"receptions_pg_n1:-, targets_pg_n1:-, rz_target_share_n1:-",Year-6 WR: held back by receptions pg; held back by targets pg; held back by rz target share.,veteran,,,,
Jha'Quan Jackson,WR,26.297056810403834,HOU,0.016722944049854763,0.01570222702047726,0.14668952221995732,Long shot,0.914553136890418,0.018285371702637887,0.0,73.1593622040387,175.0,,,,,0.08646571455969254,,"receptions_pg_n1:-, targets_pg_n1:-, draft_pick:-",Year-3 WR: held back by receptions pg; held back by targets pg; held back by draft position.,veteran,,,,
Josh Kelly,WR,25.169062286105408,HOU,0.016722944049854763,0.01570222702047726,0.14668952221995732,Long shot,0.914553136890418,0.018285371702637887,0.0,74.92437525880402,175.0,,,,,0.08646571455969254,,"receptions_pg_n1:-, targets_pg_n1:-, draft_pick:-",Year-2 WR: held back by receptions pg; held back by targets pg; held back by draft position.,veteran,,,,
Tyrone Broden,WR,25.51129363449692,SEA,0.016722944049854763,0.01570222702047726,0.14668952221995732,Long shot,0.914553136890418,0.018285371702637887,0.0,73.94455120661453,175.0,,,,,0.08646571455969254,,"receptions_pg_n1:-, targets_pg_n1:-, draft_pick:-",Year-2 WR: held back by receptions pg; held back by targets pg; held back by draft position.,veteran,,,,
Montorie Foster Jr,WR,25.078713210130047,SEA,0.016722944049854763,0.01570222702047726,0.14668952221995732,Long shot,0.914553136890418,0.018285371702637887,0.0,73.94455120661453,175.0,,,,,0.08646571455969254,,"receptions_pg_n1:-, targets_pg_n1:-, draft_pick:-",Year-2 WR: held back by receptions pg; held back by targets pg; held back by draft position.,veteran,,,,
Ricky White III,WR,24.566735112936346,SEA,0.016722944049854763,0.01570222702047726,0.14668952221995732,Long shot,0.914553136890418,0.018285371702637887,0.0,73.54584736887463,175.0,,,,,0.08646571455969254,,"receptions_pg_n1:-, targets_pg_n1:-, draft_pick:-",Year-2 WR: held back by receptions pg; held back by targets pg; held back by draft position.,veteran,,,,
Davante Adams,WR,33.686516084873375,LA,0.016716094948874823,0.0156957959675387,0.14650519583775148,Long shot,0.914178569663056,0.018285371702637887,0.0,-6.266146230998993,24.0,,,,,0.05380703391713461,,"expectation_pos_rank:-, vacated_target_share:-, receptions_pg_n1:+",Year-11 WR: held back by a deep preseason ranking; held back by vacated targets ahead; boosted by receptions pg.,veteran,,,,
A.J. Henning,WR,24.97741273100616,MIA,0.01671420543248276,0.01569402178141103,0.1464543311612113,Long shot,0.9140752347993852,0.018285371702637887,0.0,69.45231656889898,175.0,,,,,0.08642053167843183,,"receptions_pg_n1:-, targets_pg_n1:-, draft_pick:-",Year-2 WR: held back by receptions pg; held back by targets pg; held back by draft position.,veteran,,,,
Nick Westbrook-Ikhine,WR,29.44832306639288,IND,0.016710408401827883,0.015690456509819563,0.14635210020323383,Long shot,0.9138675807950464,0.018285371702637887,0.0,42.97274870300019,148.0,,,,,0.0836179863931666,,"receptions_pg_n1:-, targets_pg_n1:-, draft_pick:-",Year-7 WR: held back by receptions pg; held back by targets pg; held back by draft position.,veteran,,,,
Mike Woods,WR,26.45311430527036,DEN,0.016702775612218276,0.015683289602192996,0.14614652638958037,Long shot,0.9134501547927898,0.018285371702637887,0.0,52.463896827084085,152.0,,,,,0.08402227583221156,,"receptions_pg_n1:-, targets_pg_n1:-, draft_pick:-",Year-5 WR: held back by receptions pg; held back by targets pg; held back by draft position.,veteran,,,,
Colton Dowell,WR,27.370294318959616,SF,0.016702775612218276,0.015683289602192996,0.14614652638958037,Long shot,0.9134501547927898,0.018285371702637887,0.0,69.88496376953233,175.0,,,,,0.08636143397568816,,"receptions_pg_n1:-, targets_pg_n1:-, draft_pick:-",Year-4 WR: held back by receptions pg; held back by targets pg; held back by draft position.,veteran,,,,
Trey Palmer,WR,25.415468856947296,NO,0.016702775612218276,0.015683289602192996,0.14614652638958037,Long shot,0.9134501547927898,0.018285371702637887,0.0,69.6410055108269,175.0,,,,,0.08636143397568816,,"receptions_pg_n1:-, targets_pg_n1:-, draft_pick:-",Year-4 WR: held back by receptions pg; held back by targets pg; held back by draft position.,veteran,,,,
Johnny Wilson,WR,25.412731006160165,PHI,0.016702775612218276,0.015683289602192996,0.14614652638958037,Long shot,0.9134501547927898,0.018285371702637887,0.0,69.05361273115909,175.0,,,,,0.08636143397568816,,"receptions_pg_n1:-, targets_pg_n1:-, draft_pick:-",Year-3 WR: held back by receptions pg; held back by targets pg; held back by draft position.,veteran,,,,
JaQuae Jackson,WR,26.587268993839835,LAC,0.016702775612218276,0.015683289602192996,0.14614652638958037,Long shot,0.9134501547927898,0.018285371702637887,0.0,69.99408824313177,175.0,,,,,0.08636143397568816,,"receptions_pg_n1:-, targets_pg_n1:-, draft_pick:-",Year-3 WR: held back by receptions pg; held back by targets pg; held back by draft position.,veteran,,,,
Mac Dalena,WR,24.908966461327857,BUF,0.016702775612218276,0.015683289602192996,0.14614652638958037,Long shot,0.9134501547927898,0.018285371702637887,0.0,69.35769871190466,175.0,,,,,0.08636143397568816,,"receptions_pg_n1:-, targets_pg_n1:-, draft_pick:-",Year-2 WR: held back by receptions pg; held back by targets pg; held back by draft position.,veteran,,,,
Junior Bergen,WR,23.85763175906913,SF,0.016702775612218276,0.015683289602192996,0.14614652638958037,Long shot,0.9134501547927898,0.018285371702637887,0.0,69.6410055108269,175.0,,,,,0.08636143397568816,,"receptions_pg_n1:-, targets_pg_n1:-, draft_pick:-",Year-2 WR: held back by receptions pg; held back by targets pg; held back by draft position.,veteran,,,,
JP Richardson,WR,24.4435318275154,CHI,0.016702775612218276,0.015683289602192996,0.14614652638958037,Long shot,0.9134501547927898,0.018285371702637887,0.0,70.0397093485668,175.0,,,,,0.08636143397568816,,"receptions_pg_n1:-, targets_pg_n1:-, draft_pick:-",Year-2 WR: held back by receptions pg; held back by targets pg; held back by draft position.,veteran,,,,
Stephen Gosnell,WR,24.859685147159478,BUF,0.016702775612218276,0.015683289602192996,0.14614652638958037,Long shot,0.9134501547927898,0.018285371702637887,0.0,69.35769871190466,175.0,,,,,0.08636143397568816,,"receptions_pg_n1:-, targets_pg_n1:-, draft_pick:-",Year-2 WR: held back by receptions pg; held back by targets pg; held back by draft position.,veteran,,,,
Luke Grimm,WR,25.065023956194388,LAC,0.016702775612218276,0.015683289602192996,0.14614652638958037,Long shot,0.9134501547927898,0.018285371702637887,0.0,69.75012998442632,175.0,,,,,0.08636143397568816,,"receptions_pg_n1:-, targets_pg_n1:-, draft_pick:-",Year-2 WR: held back by receptions pg; held back by targets pg; held back by draft position.,veteran,,,,
Dontae Fleming,WR,24.758384668035593,MIN,0.016702775612218276,0.015683289602192996,0.14614652638958037,Long shot,0.9134501547927898,0.018285371702637887,0.0,70.64211928936655,175.0,,,,,0.08636143397568816,,"receptions_pg_n1:-, targets_pg_n1:-, draft_pick:-",Year-2 WR: held back by receptions pg; held back by targets pg; held back by draft position.,veteran,,,,
Jeremiah Webb,WR,25.29226557152635,NE,0.016702775612218276,0.015683289602192996,0.14614652638958037,Long shot,0.9134501547927898,0.018285371702637887,0.0,70.89532896993566,175.0,,,,,0.08636143397568816,,"receptions_pg_n1:-, targets_pg_n1:-, draft_pick:-",Year-2 WR: held back by receptions pg; held back by targets pg; held back by draft position.,veteran,,,,
Gee Scott Jr.,WR,25.675564681724847,NYJ,0.016702775612218276,0.015683289602192996,0.14614652638958037,Long shot,0.9134501547927898,0.018285371702637887,0.0,69.45231656889898,175.0,,,,,0.08636143397568816,,"receptions_pg_n1:-, targets_pg_n1:-, draft_pick:-",Year-2 WR: held back by receptions pg; held back by targets pg; held back by draft position.,veteran,,,,
Luke Floriea,WR,24.856947296372347,CLE,0.016702775612218276,0.015683289602192996,0.14614652638958037,Long shot,0.9134501547927898,0.018285371702637887,0.0,69.45231656889898,175.0,,,,,0.08636143397568816,,"receptions_pg_n1:-, targets_pg_n1:-, draft_pick:-",Year-2 WR: held back by receptions pg; held back by targets pg; held back by draft position.,veteran,,,,
Chris Olave,WR,26.17932922655715,NO,0.01669728084982544,0.015678130223183016,0.14599847879454889,Long shot,0.9131496543445521,0.018285371702637887,0.0,-13.902426421980053,11.0,,,,,0.041491184217109074,,"expectation_pos_rank:-, receptions_pg_n1:+, ez_target_share_yoy_delta:-",Year-5 WR: held back by a deep preseason ranking; boosted by receptions pg; held back by ez target share trend.,veteran,,,,
Lance McCutcheon,WR,27.50718685831622,TEN,0.016694642430794986,0.015675652845128778,0.145927373770139,Long shot,0.9130053631005259,0.018285371702637887,0.0,70.6117602096845,175.0,,,,,0.0863193814913103,,"receptions_pg_n1:-, targets_pg_n1:-, draft_pick:-",Year-5 WR: held back by receptions pg; held back by targets pg; held back by draft position.,veteran,,,,
Xavier Johnson,WR,27.310061601642712,CIN,0.016694642430794986,0.015675652845128778,0.145927373770139,Long shot,0.9130053631005259,0.018285371702637887,0.0,71.40019134994803,175.0,,,,,0.0863193814913103,,"receptions_pg_n1:-, targets_pg_n1:-, draft_pick:-",Year-3 WR: held back by receptions pg; held back by targets pg; held back by draft position.,veteran,,,,
Jordan Moore,WR,24.372347707049965,CIN,0.016694642430794986,0.015675652845128778,0.145927373770139,Long shot,0.9130053631005259,0.018285371702637887,0.0,71.15623309124258,175.0,,,,,0.0863193814913103,,"receptions_pg_n1:-, targets_pg_n1:-, draft_pick:-",Year-2 WR: held back by receptions pg; held back by targets pg; held back by draft position.,veteran,,,,
Courtney Jackson,WR,25.470225872689937,TEN,0.016694642430794986,0.015675652845128778,0.145927373770139,Long shot,0.9130053631005259,0.018285371702637887,0.0,70.27102689604742,175.0,,,,,0.0863193814913103,,"receptions_pg_n1:-, targets_pg_n1:-, draft_pick:-",Year-2 WR: held back by receptions pg; held back by targets pg; held back by draft position.,veteran,,,,
Elijah Moore,WR,26.431211498973305,PHI,0.016693241941761704,0.015674337837635197,0.14588962629330424,Long shot,0.9129287724215911,0.018285371702637887,0.0,11.919287406310229,110.0,,,,,0.07861732708254049,,"receptions_pg_n1:-, targets_pg_n1:-, rec_yards_pg_n1:-",Year-6 WR: held back by receptions pg; held back by targets pg; held back by rec yards pg.,veteran,,,,
A.T. Perry,WR,26.850102669404517,PIT,0.01667648484532364,0.015658603542783162,0.14543772924108342,Long shot,0.9120123515409782,0.018285371702637887,0.0,69.29757098986452,175.0,,,,,0.08622549798624216,,"receptions_pg_n1:-, targets_pg_n1:-, draft_pick:-",Year-4 WR: held back by receptions pg; held back by targets pg; held back by draft position.,veteran,,,,
Cole Burgess,WR,26.55441478439425,PIT,0.01667648484532364,0.015658603542783162,0.14543772924108342,Long shot,0.9120123515409782,0.018285371702637887,0.0,69.69627482760443,175.0,,,,,0.08622549798624216,,"receptions_pg_n1:-, targets_pg_n1:-, draft_pick:-",Year-3 WR: held back by receptions pg; held back by targets pg; held back by draft position.,veteran,,,,
Nick Nash,WR,27.151266255989047,WAS,0.01667648484532364,0.015658603542783162,0.14543772924108342,Long shot,0.9120123515409782,0.018285371702637887,0.0,69.30384355508275,175.0,,,,,0.08622549798624216,,"receptions_pg_n1:-, targets_pg_n1:-, draft_pick:-",Year-2 WR: held back by receptions pg; held back by targets pg; held back by draft position.,veteran,,,,
Tank Dell,WR,26.84188911704312,HOU,0.01667647049284575,0.015658590066336343,0.14543734199909195,Long shot,0.9120115666251382,0.018285371702637887,0.0,-6.876465915425596,79.0,,,,,0.07307673787200314,,"receptions_pg_n1:-, targets_pg_n1:-, rz_target_share_n1:-",Year-4 WR: held back by receptions pg; held back by targets pg; held back by rz target share.,veteran,,,,
Matthew Golden,WR,23.085557837097877,GB,0.016675387877203733,0.01565757353022068,0.1454081311680321,Long shot,0.9119523599729781,0.018285371702637887,0.0,-4.43831404191268,54.0,,,,,0.06682383521694177,,"receptions_pg_n1:-, targets_pg_n1:-, rz_target_share_n1:-",Year-2 WR: held back by receptions pg; held back by targets pg; held back by rz target share.,veteran,,,,
Dennis Houston,WR,27.356605065023956,TB,0.01666508040978597,0.015647895198886357,0.1451299244694525,Long shot,0.9113886597876395,0.018285371702637887,0.0,69.69627482760443,175.0,,,,,0.0861665315348222,,"receptions_pg_n1:-, targets_pg_n1:-, draft_pick:-",Year-5 WR: held back by receptions pg; held back by targets pg; held back by draft position.,veteran,,,,
Brenden Rice,WR,24.45722108145106,GB,0.01666508040978597,0.015647895198886357,0.1451299244694525,Long shot,0.9113886597876395,0.018285371702637887,0.0,70.10419385967408,175.0,,,,,0.0861665315348222,,"receptions_pg_n1:-, targets_pg_n1:-, draft_pick:-",Year-3 WR: held back by receptions pg; held back by targets pg; held back by draft position.,veteran,,,,
Chandler Brayboy,WR,25.032169746748803,JAX,0.01666508040978597,0.015647895198886357,0.1451299244694525,Long shot,0.9113886597876395,0.018285371702637887,0.0,69.20286176955594,175.0,,,,,0.0861665315348222,,"receptions_pg_n1:-, targets_pg_n1:-, draft_pick:-",Year-2 WR: held back by receptions pg; held back by targets pg; held back by draft position.,veteran,,,,
Garrett Greene,WR,24.8870636550308,TB,0.01666508040978597,0.015647895198886357,0.1451299244694525,Long shot,0.9113886597876395,0.018285371702637887,0.0,69.45231656889898,175.0,,,,,0.0861665315348222,,"receptions_pg_n1:-, targets_pg_n1:-, draft_pick:-",Year-2 WR: held back by receptions pg; held back by targets pg; held back by draft position.,veteran,,,,
Isaiah Neyor,WR,25.234770704996578,GB,0.01666508040978597,0.015647895198886357,0.1451299244694525,Long shot,0.9113886597876395,0.018285371702637887,0.0,70.50289769741399,175.0,,,,,0.0861665315348222,,"receptions_pg_n1:-, targets_pg_n1:-, draft_pick:-",Year-2 WR: held back by receptions pg; held back by targets pg; held back by draft position.,veteran,,,,
Will Sheppard,WR,24.553045859000683,GB,0.01666508040978597,0.015647895198886357,0.1451299244694525,Long shot,0.9113886597876395,0.018285371702637887,0.0,70.50289769741399,175.0,,,,,0.0861665315348222,,"receptions_pg_n1:-, targets_pg_n1:-, draft_pick:-",Year-2 WR: held back by receptions pg; held back by targets pg; held back by draft position.,veteran,,,,
Jaxon Smith-Njigba,WR,24.54483230663929,SEA,0.016664430996484268,0.01564728542377361,0.14511239062065964,Long shot,0.9113531443323201,0.018285371702637887,0.0,-4.8157166830068885,3.0,,,,,0.02310180672169766,,"expectation_pos_rank:-, vacated_target_share:-, receptions_pg_n1:+",Year-4 WR: held back by a deep preseason ranking; held back by vacated targets ahead; boosted by receptions pg.,veteran,,,,
Tejhaun Palmer,WR,26.286105407255302,ARI,0.016657392918511628,0.015640676928416287,0.14492232273346325,Long shot,0.9109682422320459,0.018285371702637887,0.0,73.17188204046448,175.0,,,,,0.08612678348422621,,"receptions_pg_n1:-, targets_pg_n1:-, draft_pick:-",Year-3 WR: held back by receptions pg; held back by targets pg; held back by draft position.,veteran,,,,
Bryson Green,WR,23.67145790554415,ARI,0.016657392918511628,0.015640676928416287,0.14492232273346325,Long shot,0.9109682422320459,0.018285371702637887,0.0,74.9368950952298,175.0,,,,,0.08612678348422621,,"receptions_pg_n1:-, targets_pg_n1:-, draft_pick:-",Year-2 WR: held back by receptions pg; held back by targets pg; held back by draft position.,veteran,,,,
Odell Beckham Jr.,WR,33.82067077344285,NYG,0.01662831413252141,0.015613373022014577,0.144136192417932,Long shot,0.9093779663293676,0.018285371702637887,0.0,23.842184196675944,134.0,,,,,0.08156644992220856,,"receptions_pg_n1:-, targets_pg_n1:-, rz_target_share_n1:-",Year-11 WR: held back by receptions pg; held back by targets pg; held back by rz target share.,veteran,,,,
Isaac TeSlaa,WR,24.528405201916495,DET,0.016626869593928267,0.01561201665361068,0.1440971047800159,Long shot,0.9092989666449952,0.018285371702637887,0.0,1.6811783018831097,77.0,,,,,0.07243842952008407,,"receptions_pg_n1:-, targets_pg_n1:-, rec_yards_pg_n1:-",Year-2 WR: held back by receptions pg; held back by targets pg; held back by rec yards pg.,veteran,,,,
Jalen Reagor,WR,27.66324435318275,MIA,0.01661865304135199,0.015604301614112026,0.14387471024537146,Long shot,0.908849615507381,0.018285371702637887,0.0,69.39434604479617,175.0,,,,,0.08592647956940255,,"receptions_pg_n1:-, targets_pg_n1:-, rz_target_share_n1:-",Year-7 WR: held back by receptions pg; held back by targets pg; held back by rz target share.,veteran,,,,
Laquon Treadwell,WR,31.21697467488022,IND,0.016607891972937876,0.015594197368189924,0.1435832804712031,Long shot,0.9082611085527994,0.018285371702637887,0.0,62.58040684280478,175.0,,,,,0.08587083963739787,,"receptions_pg_n1:-, targets_pg_n1:-, rec_yards_pg_n1:-",Year-11 WR: held back by receptions pg; held back by targets pg; held back by rec yards pg.,veteran,,,,
Nikko Remigio,WR,26.82546201232033,KC,0.016593584405268584,0.015580763090410586,0.14319551695607965,Long shot,0.9074786487864919,0.018285371702637887,0.0,64.16585219932787,175.0,,,,,0.08579686258775587,,"receptions_pg_n1:-, targets_pg_n1:-, rec_yards_pg_n1:-",Year-4 WR: held back by receptions pg; held back by targets pg; held back by rec yards pg.,veteran,,,,
Jalen Royals,WR,23.534565366187543,KC,0.016589857913296945,0.015577264052038265,0.14309446760589326,Long shot,0.9072748524386658,0.018285371702637887,0.0,19.716277592370183,129.0,,,,,0.08075170492113604,,"receptions_pg_n1:-, targets_pg_n1:-, rz_target_share_n1:-",Year-2 WR: held back by receptions pg; held back by targets pg; held back by rz target share.,veteran,,,,
JuJu Smith-Schuster,WR,29.7741273100616,NYG,0.016581218810134586,0.015569152253140636,0.14286011957477474,Long shot,0.9068023926329343,0.018285371702637887,0.0,43.47439873479911,170.0,,,,,0.0852550484784654,,"receptions_pg_n1:-, targets_pg_n1:-, rec_yards_pg_n1:-",Year-10 WR: held back by receptions pg; held back by targets pg; held back by rec yards pg.,veteran,,,,
Malik Washington,WR,25.864476386036962,MIA,0.016569635791993543,0.015558276226772867,0.14254572499861287,Long shot,0.9061689344604995,0.018285371702637887,0.0,-10.370288408072383,71.0,,,,,0.07086279999605455,,"receptions_pg_n1:-, targets_pg_n1:-, draft_pick:-",Year-3 WR: held back by receptions pg; held back by targets pg; held back by draft position.,veteran,,,,
David Moore,WR,31.627652292950035,CAR,0.016565095304959424,0.015554012877091093,0.1424224248294394,Long shot,0.9059206219236827,0.018285371702637887,0.0,60.040900421749065,175.0,,,,,0.08564956015057433,,"receptions_pg_n1:-, targets_pg_n1:-, draft_pick:-",Year-10 WR: held back by receptions pg; held back by targets pg; held back by draft position.,veteran,,,,
Kevin Austin Jr.,WR,26.422997946611908,NO,0.01655849766380655,0.015547817935645782,0.14224320187577552,Long shot,0.9055598066632566,0.018285371702637887,0.0,71.17806420964827,175.0,,,,,0.08561544715258838,,"receptions_pg_n1:-, draft_pick:-, rec_yards_pg_n1:-",Year-5 WR: held back by receptions pg; held back by draft position; held back by rec yards pg.,veteran,,,,
Tyrell Shavers,WR,27.039014373716633,BUF,0.016531640032078583,0.01552259961108716,0.14151289619556087,Long shot,0.9040910024100682,0.018285371702637887,0.0,63.10636379152557,175.0,,,,,0.0854765801975943,,"receptions_pg_n1:-, targets_pg_n1:-, rec_yards_pg_n1:-",Year-4 WR: held back by receptions pg; held back by targets pg; held back by rec yards pg.,veteran,,,,
Adam Thielen,WR,36.02737850787132,MIN,0.016491897961863112,0.01548528327450631,0.14043009495620787,Long shot,0.9019175672258254,0.018285371702637887,0.0,62.01818385637719,175.0,,,,,0.08527109445961553,,"receptions_pg_n1:-, targets_pg_n1:-, rec_yards_pg_n1:-",Year-11 WR: held back by receptions pg; held back by targets pg; held back by rec yards pg.,veteran,,,,
Marvin Mims Jr.,WR,24.45448323066393,DEN,0.016480887267601378,0.015474944639129946,0.1401296463276591,Long shot,0.9013154086019378,0.018285371702637887,0.0,11.137340602114955,100.0,,,,,0.07606128096445501,,"receptions_pg_n1:-, targets_pg_n1:-, rec_yards_pg_n1:-",Year-4 WR: held back by receptions pg; held back by targets pg; held back by rec yards pg.,veteran,,,,
Jahan Dotson,WR,26.444900752908968,ATL,0.01647179703883077,0.015466409249942572,0.13988145248469844,Long shot,0.900818277402286,0.018285371702637887,0.0,16.291820863969704,116.0,,,,,0.07844156251759875,,"receptions_pg_n1:-, targets_pg_n1:-, rec_yards_pg_n1:-",Year-5 WR: held back by receptions pg; held back by targets pg; held back by rec yards pg.,veteran,,,,
Christian Kirk,WR,29.78507871321013,SF,0.01646123245088594,0.015456489491926701,0.13959283422655533,Long shot,0.9002405156746803,0.018285371702637887,0.0,11.096340965355004,92.0,,,,,0.07461217386356354,,"receptions_pg_n1:-, rec_yards_pg_n1:-, rz_target_share_n1:-",Year-9 WR: held back by receptions pg; held back by rec yards pg; held back by rz target share.,veteran,,,,
Tai Felton,WR,23.46611909650924,MIN,0.016452440386437905,0.015448234068029443,0.13935250121780654,Long shot,0.8997596906419157,0.018285371702637887,0.0,48.62644474295442,161.0,,,,,0.08370337541567074,,"receptions_pg_n1:-, targets_pg_n1:-, rec_yards_pg_n1:-",Year-2 WR: held back by receptions pg; held back by targets pg; held back by rec yards pg.,veteran,,,,
Phillip Dorsett,WR,33.65366187542779,LV,0.016441577104868373,0.015438033847728303,0.13905537637793758,Long shot,0.8991655938006705,0.018285371702637887,0.0,72.56461469121045,175.0,,,,,0.08501091127390763,,"receptions_pg_n1:-, targets_pg_n1:-, rz_target_share_n1:-",Year-11 WR: held back by receptions pg; held back by targets pg; held back by rz target share.,veteran,,,,
Dontayvion Wicks,WR,25.21013004791239,PHI,0.016432403440296586,0.015429420115404229,0.13880431422304557,Long shot,0.8986638996201544,0.018285371702637887,0.0,-6.850188780402647,72.0,,,,,0.07050256048117978,,"receptions_pg_n1:-, targets_pg_n1:-, rz_target_share_n1:-",Year-4 WR: held back by receptions pg; held back by targets pg; held back by rz target share.,veteran,,,,
Jordan Whittington,WR,25.91649555099247,LA,0.016428891619552473,0.015426122645388488,0.13870816722745818,Long shot,0.8984718433250337,0.018285371702637887,0.0,49.63237293855731,158.0,,,,,0.08327647776817028,,"receptions_pg_n1:-, targets_pg_n1:-, draft_pick:-",Year-3 WR: held back by receptions pg; held back by targets pg; held back by draft position.,veteran,,,,
Xavier Hutchinson,WR,26.250513347022586,HOU,0.01640926400019814,0.015407693035503146,0.13817042742822286,Long shot,0.8973984377813279,0.018285371702637887,0.0,40.94211310144486,150.0,,,,,0.08232986940516714,,"receptions_pg_n1:-, targets_pg_n1:-, rz_target_share_n1:-",Year-4 WR: held back by receptions pg; held back by targets pg; held back by rz target share.,veteran,,,,
Jalen Tolbert,WR,27.509924709103352,MIA,0.01640838157129825,0.015406864467347075,0.13814623656784344,Long shot,0.8973501790467373,0.018285371702637887,0.0,22.615496584563328,115.0,,,,,0.0779987216892538,,"receptions_pg_n1:-, targets_pg_n1:-, rec_yards_pg_n1:-",Year-5 WR: held back by receptions pg; held back by targets pg; held back by rec yards pg.,veteran,,,,
Jack Bech,WR,23.704312114989733,LV,0.016402830887206978,0.015401652579926995,0.13799404103134516,Long shot,0.8970466203233195,0.018285371702637887,0.0,14.678130190138805,87.0,,,,,0.07344099859295203,,"receptions_pg_n1:-, targets_pg_n1:-, rz_target_share_n1:-",Year-2 WR: held back by receptions pg; held back by targets pg; held back by rz target share.,veteran,,,,
Justin Shorter,WR,26.373716632443532,LV,0.016398424327657132,0.015397514983208101,0.1378731804160823,Long shot,0.8968056320830197,0.018285371702637887,0.0,64.03522190325157,175.0,,,,,0.08478779052999547,,"receptions_pg_n1:-, targets_pg_n1:-, rec_yards_pg_n1:-",Year-4 WR: held back by receptions pg; held back by targets pg; held back by rec yards pg.,veteran,,,,
Dont'e Thornton Jr.,WR,23.753593429158112,LV,0.016388778881875093,0.015388458265746644,0.1376085189876162,Long shot,0.8962781368841856,0.018285371702637887,0.0,44.92095269035956,139.0,,,,,0.08098748497743744,,"receptions_pg_n1:-, targets_pg_n1:-, rz_target_share_n1:-",Year-2 WR: held back by receptions pg; held back by targets pg; held back by rz target share.,veteran,,,,
Derius Davis,WR,25.971252566735114,LAC,0.016382968275910726,0.015383002321284532,0.13744900772895283,Long shot,0.8959603634170195,0.018285371702637887,0.0,61.30618658142545,175.0,,,,,0.08470787526181418,,"receptions_pg_n1:-, targets_pg_n1:-, rec_yards_pg_n1:-",Year-4 WR: held back by receptions pg; held back by targets pg; held back by rec yards pg.,veteran,,,,
Savion Williams,WR,24.774811772758383,GB,0.016372917120877736,0.015373564657815975,0.13717295447861902,Long shot,0.8954106805778382,0.018285371702637887,0.0,42.49482910937835,149.0,,,,,0.08203871639318283,,"receptions_pg_n1:-, targets_pg_n1:-, rec_yards_pg_n1:-",Year-2 WR: held back by receptions pg; held back by targets pg; held back by rec yards pg.,veteran,,,,
Anthony Gould,WR,25.404517453798768,IND,0.01636981013564878,0.015370647313401684,0.13708758790754902,Long shot,0.8952407641397432,0.018285371702637887,0.0,65.96801193231121,175.0,,,,,0.08463984130818532,,"receptions_pg_n1:-, targets_pg_n1:-, rec_yards_pg_n1:-",Year-3 WR: held back by receptions pg; held back by targets pg; held back by rec yards pg.,veteran,,,,
LaJohntay Wester,WR,24.427104722792606,BAL,0.016364371541995448,0.015365540674764245,0.13693812037831685,Long shot,0.8949433354769971,0.018285371702637887,0.0,59.60651282495631,175.0,,,,,0.08461172114674526,,"receptions_pg_n1:-, targets_pg_n1:-, rec_yards_pg_n1:-",Year-2 WR: held back by receptions pg; held back by targets pg; held back by rec yards pg.,veteran,,,,
Josh Palmer,WR,26.94318959616701,BUF,0.016361195921343975,0.015362558884222357,0.1368508229645676,Long shot,0.89476966546891,0.018285371702637887,0.0,24.661209643238287,125.0,,,,,0.07912735581048419,,"receptions_pg_n1:-, targets_pg_n1:-, rec_yards_pg_n1:-",Year-6 WR: held back by receptions pg; held back by targets pg; held back by rec yards pg.,veteran,,,,
Xavier Gipson,WR,25.483915126625597,NYG,0.016360224949334083,0.01536164717735517,0.13682412773604316,Long shot,0.8947165644422707,0.018285371702637887,0.0,62.98185564894243,175.0,,,,,0.08459028125575573,,"receptions_pg_n1:-, targets_pg_n1:-, draft_pick:-",Year-4 WR: held back by receptions pg; held back by targets pg; held back by draft position.,veteran,,,,
Jonathan Mingo,WR,25.366187542778917,DAL,0.01635774506534504,0.015359318657851406,0.13675594045287973,Long shot,0.894580943245755,0.018285371702637887,0.0,67.47443699921166,175.0,,,,,0.08457745905528082,,"receptions_pg_n1:-, targets_pg_n1:-, rec_yards_pg_n1:-",Year-4 WR: held back by receptions pg; held back by targets pg; held back by rec yards pg.,veteran,,,,
Tre Harris,WR,24.50650239561944,LAC,0.01635007563775987,0.015352117348518528,0.13654499623750094,Long shot,0.8941615135666712,0.018285371702637887,0.0,-10.934578840906092,67.0,,,,,0.06898927013373993,,"receptions_pg_n1:-, targets_pg_n1:-, rz_target_share_n1:-",Year-2 WR: held back by receptions pg; held back by targets pg; held back by rz target share.,veteran,,,,
Devaughn Vele,WR,28.720054757015742,NO,0.0163499873414082,0.015352034441504375,0.13654256711826285,Long shot,0.8941566847694715,0.018285371702637887,0.0,10.955343526239087,106.0,,,,,0.07640069229201939,,"receptions_pg_n1:-, rec_yards_pg_n1:-, draft_pick:-",Year-3 WR: held back by receptions pg; held back by rec yards pg; held back by draft position.,veteran,,,,
Kyle Williams,WR,23.800136892539356,NE,0.016347812716213092,0.015349992548737396,0.13648273697028132,Long shot,0.8940377577260145,0.018285371702637887,0.0,13.169690493116681,105.0,,,,,0.0762370289240105,,"receptions_pg_n1:-, targets_pg_n1:-, rz_target_share_n1:-",Year-2 WR: held back by receptions pg; held back by targets pg; held back by rz target share.,veteran,,,,
Dominic Lovett,WR,23.813826146475016,DET,0.016344572905797057,0.01534695048637659,0.13639358600304663,Long shot,0.8938605772744097,0.018285371702637887,0.0,66.3571180036271,175.0,,,,,0.08450935261515789,,"receptions_pg_n1:-, targets_pg_n1:-, draft_pick:-",Year-2 WR: held back by receptions pg; held back by targets pg; held back by draft position.,veteran,,,,
Irvin Charles,WR,29.385352498288842,SEA,0.01634201661547153,0.015344550224143935,0.13632323141223332,Long shot,0.8937207775280824,0.018285371702637887,0.0,73.00628815614618,175.0,,,,,0.08449613535694309,,"receptions_pg_n1:-, targets_pg_n1:-, draft_pick:-",Year-5 WR: held back by receptions pg; held back by targets pg; held back by draft position.,veteran,,,,
Brandon Johnson,WR,28.101300479123886,LV,0.01634201661547153,0.015344550224143935,0.13632323141223332,Long shot,0.8937207775280824,0.018285371702637887,0.0,72.96331852895037,175.0,,,,,0.08449613535694309,,"receptions_pg_n1:-, targets_pg_n1:-, draft_pick:-",Year-5 WR: held back by receptions pg; held back by targets pg; held back by draft position.,veteran,,,,
Jordan Watkins,WR,24.542094455852155,SF,0.016334002308429303,0.015337025085734472,0.1361025902526779,Long shot,0.8932824869003305,0.018285371702637887,0.0,63.16026184347955,175.0,,,,,0.08445469751064993,,"receptions_pg_n1:-, targets_pg_n1:-, rz_target_share_n1:-",Year-2 WR: held back by receptions pg; held back by targets pg; held back by rz target share.,veteran,,,,
Jeshaun Jones,WR,26.694045174537987,MIN,0.016333212999341897,0.015336283953644166,0.1360808540913079,Long shot,0.8932393207508947,0.018285371702637887,0.0,62.3229998673413,175.0,,,,,0.08445061640064636,,"receptions_pg_n1:-, targets_pg_n1:-, draft_pick:-",Year-3 WR: held back by receptions pg; held back by targets pg; held back by draft position.,veteran,,,,
Dalen Cambre,WR,25.39356605065024,NYG,0.016333212999341897,0.015336283953644166,0.1360808540913079,Long shot,0.8932393207508947,0.018285371702637887,0.0,61.145958024329204,175.0,,,,,0.08445061640064636,,"receptions_pg_n1:-, targets_pg_n1:-, draft_pick:-",Year-2 WR: held back by receptions pg; held back by targets pg; held back by draft position.,veteran,,,,
Myles Price,WR,24.709103353867214,MIN,0.016333212999341897,0.015336283953644166,0.1360808540913079,Long shot,0.8932393207508947,0.018285371702637887,0.0,62.47213080211917,175.0,,,,,0.08445061640064636,,"receptions_pg_n1:-, targets_pg_n1:-, draft_pick:-",Year-2 WR: held back by receptions pg; held back by targets pg; held back by draft position.,veteran,,,,
Dalevon Campbell,WR,24.739219712525667,LAC,0.016333212999341897,0.015336283953644166,0.1360808540913079,Long shot,0.8932393207508947,0.018285371702637887,0.0,61.484390121391215,175.0,,,,,0.08445061640064636,,"receptions_pg_n1:-, targets_pg_n1:-, draft_pick:-",Year-2 WR: held back by receptions pg; held back by targets pg; held back by draft position.,veteran,,,,
Roman Wilson,WR,25.201916495550993,PIT,0.016332644167674118,0.015335749841710449,0.13606518884283067,Long shot,0.8932082121862437,0.018285371702637887,0.0,15.828702383739175,128.0,,,,,0.079373586722088,,"receptions_pg_n1:-, targets_pg_n1:-, rec_yards_pg_n1:-",Year-3 WR: held back by receptions pg; held back by targets pg; held back by rec yards pg.,veteran,,,,
Van Jefferson,WR,30.099931553730322,WAS,0.01632585355457822,0.015329373706735523,0.13587813835473392,Long shot,0.8928368435749665,0.018285371702637887,0.0,40.56824129930162,151.0,,,,,0.08201913765903447,,"receptions_pg_n1:-, targets_pg_n1:-, rz_target_share_n1:-",Year-7 WR: held back by receptions pg; held back by targets pg; held back by rz target share.,veteran,,,,
Brandon Smith,WR,27.72621492128679,PIT,0.01632027026917197,0.015324131207884381,0.13572428686582083,Long shot,0.8925315019337329,0.018285371702637887,0.0,69.08927866828651,175.0,,,,,0.08438369622145066,,"receptions_pg_n1:-, targets_pg_n1:-, draft_pick:-",Year-6 WR: held back by receptions pg; held back by targets pg; held back by draft position.,veteran,,,,
Andrei Iosivas,WR,26.88021902806297,CIN,0.0163190956660792,0.01532302829894881,0.13569191322666227,Long shot,0.8924672646236103,0.018285371702637887,0.0,13.61016598003773,108.0,,,,,0.07655855489295545,,"receptions_pg_n1:-, targets_pg_n1:-, rec_yards_pg_n1:-",Year-4 WR: held back by receptions pg; held back by targets pg; held back by rec yards pg.,veteran,,,,
Demarcus Robinson,WR,31.94524298425736,SF,0.016313211283080595,0.015317503080575536,0.13552969718770705,Long shot,0.892145456399293,0.018285371702637887,0.0,46.76488745607449,162.0,,,,,0.08309542324899492,,"receptions_pg_n1:-, targets_pg_n1:-, rz_target_share_n1:-",Year-11 WR: held back by receptions pg; held back by targets pg; held back by rz target share.,veteran,,,,
Bryce Oliver,WR,26.286105407255302,TEN,0.016310381815839714,0.015314846315305565,0.13545167615249873,Long shot,0.891990717010513,0.018285371702637887,0.0,62.74086012761087,175.0,,,,,0.08433256813176054,,"receptions_pg_n1:-, targets_pg_n1:-, draft_pick:-",Year-3 WR: held back by receptions pg; held back by targets pg; held back by draft position.,veteran,,,,
Treylon Burks,WR,26.442162902121833,WAS,0.01630954569483405,0.015314061228552394,0.13542861801563746,Long shot,0.8919449907863344,0.018285371702637887,0.0,23.6816321434006,136.0,,,,,0.08024265372750573,,"receptions_pg_n1:-, targets_pg_n1:-, rz_target_share_n1:-",Year-5 WR: held back by receptions pg; held back by targets pg; held back by rz target share.,veteran,,,,
Dan Chisena,WR,29.51403148528405,CAR,0.01630910564592191,0.015313648038871322,0.1354164820941899,Long shot,0.891920925160582,0.018285371702637887,0.0,69.88079254255575,175.0,,,,,0.08432596971562559,,"receptions_pg_n1:-, targets_pg_n1:-, draft_pick:-",Year-7 WR: held back by receptions pg; held back by targets pg; held back by draft position.,veteran,,,,
Quez Watkins,WR,28.229979466119097,PHI,0.01630910564592191,0.015313648038871322,0.1354164820941899,Long shot,0.891920925160582,0.018285371702637887,0.0,69.51289436915671,175.0,,,,,0.08432596971562559,,"receptions_pg_n1:-, targets_pg_n1:-, draft_pick:-",Year-7 WR: held back by receptions pg; held back by targets pg; held back by draft position.,veteran,,,,
K.J. Osborn,WR,29.22655715263518,TEN,0.01630910564592191,0.015313648038871322,0.1354164820941899,Long shot,0.891920925160582,0.018285371702637887,0.0,69.257015412822,175.0,,,,,0.08432596971562559,,"receptions_pg_n1:-, targets_pg_n1:-, draft_pick:-",Year-7 WR: held back by receptions pg; held back by targets pg; held back by draft position.,veteran,,,,
Jalen Virgil,WR,28.136892539356605,BUF,0.01630910564592191,0.015313648038871322,0.1354164820941899,Long shot,0.891920925160582,0.018285371702637887,0.0,69.51916693437494,175.0,,,,,0.08432596971562559,,"receptions_pg_n1:-, targets_pg_n1:-, draft_pick:-",Year-5 WR: held back by receptions pg; held back by targets pg; held back by draft position.,veteran,,,,
Kendric Pryor,WR,28.65160848733744,CIN,0.01630910564592191,0.015313648038871322,0.1354164820941899,Long shot,0.891920925160582,0.018285371702637887,0.0,70.24311203022972,175.0,,,,,0.08432596971562559,,"receptions_pg_n1:-, targets_pg_n1:-, draft_pick:-",Year-5 WR: held back by receptions pg; held back by targets pg; held back by draft position.,veteran,,,,
Maurice Alexander,WR,29.639972621492127,CHI,0.01630910564592191,0.015313648038871322,0.1354164820941899,Long shot,0.891920925160582,0.018285371702637887,0.0,70.20710391877441,175.0,,,,,0.08432596971562559,,"receptions_pg_n1:-, targets_pg_n1:-, draft_pick:-",Year-7 WR: held back by receptions pg; held back by targets pg; held back by draft position.,veteran,,,,
Tory Horton,WR,23.756331279945243,SEA,0.01630704345111763,0.015311711714090188,0.1353596054070152,Long shot,0.8918081467693184,0.018285371702637887,0.0,10.72815369934749,95.0,,,,,0.07443102428429617,,"receptions_pg_n1:-, targets_pg_n1:-, rec_yards_pg_n1:-",Year-2 WR: held back by receptions pg; held back by targets pg; held back by rec yards pg.,veteran,,,,
Shedrick Jackson,WR,26.866529774127308,LV,0.01630416557909431,0.015309009498516702,0.1352802199694668,Long shot,0.8916507601944037,0.018285371702637887,0.0,66.36339126002976,175.0,,,,,0.08430042717915906,,"receptions_pg_n1:-, targets_pg_n1:-, draft_pick:-",Year-4 WR: held back by receptions pg; held back by targets pg; held back by draft position.,veteran,,,,
Pat Bryant,WR,23.72621492128679,DEN,0.016299816308480968,0.01530492569399397,0.13516022015960272,Long shot,0.8914129050015167,0.018285371702637887,0.0,1.638102710288309,74.0,,,,,0.07037426316469188,,"receptions_pg_n1:-, targets_pg_n1:-, rec_yards_pg_n1:-",Year-2 WR: held back by receptions pg; held back by targets pg; held back by rec yards pg.,veteran,,,,
Jaylin Lane,WR,24.33675564681725,WAS,0.016297804815854935,0.015303036976686193,0.13510471082918613,Long shot,0.8913028994375749,0.018285371702637887,0.0,48.311274021947874,157.0,,,,,0.08250918570999018,,"receptions_pg_n1:-, targets_pg_n1:-, rz_target_share_n1:-",Year-2 WR: held back by receptions pg; held back by targets pg; held back by rz target share.,veteran,,,,
Jaylin Noel,WR,23.991786447638603,HOU,0.01629487079789515,0.015300282042151378,0.13502373131223344,Long shot,0.8911424423242332,0.018285371702637887,0.0,-3.267809679119322,75.0,,,,,0.07056874024010265,,"receptions_pg_n1:-, targets_pg_n1:-, rz_target_share_n1:-",Year-2 WR: held back by receptions pg; held back by targets pg; held back by rz target share.,veteran,,,,
Quentin Skinner,WR,24.687200547570157,NYJ,0.016286999100946026,0.015292890809353907,0.13480639987170487,Long shot,0.8907119508320648,0.018285371702637887,0.0,61.668453294104594,175.0,,,,,0.08421166817864219,,"receptions_pg_n1:-, targets_pg_n1:-, draft_pick:-",Year-2 WR: held back by receptions pg; held back by targets pg; held back by draft position.,veteran,,,,
Coleman Owen,WR,25.44284736481862,IND,0.01628442371099442,0.015290472613277557,0.13473527290403634,Long shot,0.8905711065553671,0.018285371702637887,0.0,68.09015680867454,175.0,,,,,0.08419835216611642,,"receptions_pg_n1:-, targets_pg_n1:-, draft_pick:-",Year-2 WR: held back by receptions pg; held back by targets pg; held back by draft position.,veteran,,,,
Arian Smith,WR,24.889801505817932,NYJ,0.016283355768049044,0.0152894698542823,0.13470577527058156,Long shot,0.8905127023313381,0.018285371702637887,0.0,61.45388680072505,175.0,,,,,0.08419283038420974,,"receptions_pg_n1:-, targets_pg_n1:-, rz_target_share_n1:-",Year-2 WR: held back by receptions pg; held back by targets pg; held back by rz target share.,veteran,,,,
Cedrick Wilson Jr.,WR,30.781656399726213,DET,0.016281600215272723,0.015287821455043623,0.1346572810389788,Long shot,0.8904166937401609,0.018285371702637887,0.0,60.73296539535667,175.0,,,,,0.08418375332667734,,"receptions_pg_n1:-, targets_pg_n1:-, rec_yards_pg_n1:-",Year-9 WR: held back by receptions pg; held back by targets pg; held back by rec yards pg.,veteran,,,,
Jared Wayne,WR,25.900068446269678,HOU,0.016279904022688155,0.01528622879283331,0.13461042164436388,Long shot,0.89032393147029,0.018285371702637887,0.0,65.6397331376088,175.0,,,,,0.08417498319006632,,"receptions_pg_n1:-, targets_pg_n1:-, draft_pick:-",Year-4 WR: held back by receptions pg; held back by targets pg; held back by draft position.,veteran,,,,
Jalen Brooks,WR,26.31895961670089,ARI,0.016279016137639178,0.015285395101554699,0.1345858908174625,Long shot,0.8902753743469558,0.018285371702637887,0.0,64.37387110786301,175.0,,,,,0.08417039239463116,,"receptions_pg_n1:-, targets_pg_n1:-, draft_pick:-",Year-4 WR: held back by receptions pg; held back by targets pg; held back by draft position.,veteran,,,,
Dareke Young,WR,27.24435318275154,LV,0.01627376354631739,0.015280463112239025,0.13444074326975014,Long shot,0.8899881178772922,0.018285371702637887,0.0,62.13132020031365,175.0,,,,,0.08414323395526938,,"receptions_pg_n1:-, targets_pg_n1:-, draft_pick:-",Year-5 WR: held back by receptions pg; held back by targets pg; held back by draft position.,veteran,,,,
Luke McCaffrey,WR,25.415468856947296,WAS,0.016273244241994247,0.015279975504653277,0.13442639056201747,Long shot,0.8899597178900461,0.018285371702637887,0.0,10.571534353849408,126.0,,,,,0.07883063961185516,,"receptions_pg_n1:-, targets_pg_n1:-, rz_target_share_n1:-",Year-3 WR: held back by receptions pg; held back by targets pg; held back by rz target share.,veteran,,,,
Tutu Atwell,WR,26.902121834360027,MIA,0.016272250438835505,0.015279042360180288,0.13439892223851166,Long shot,0.8899053682615615,0.018285371702637887,0.0,35.24335494990447,145.0,,,,,0.081094495037077,,"receptions_pg_n1:-, targets_pg_n1:-, rec_yards_pg_n1:-",Year-6 WR: held back by receptions pg; held back by targets pg; held back by rec yards pg.,veteran,,,,
John Metchie III,WR,26.12183436002738,CAR,0.016270542518164396,0.015277438685729738,0.13435171213306482,Long shot,0.8898119645999415,0.018285371702637887,0.0,30.377817675483655,143.0,,,,,0.0808615585980902,,"receptions_pg_n1:-, targets_pg_n1:-, rec_yards_pg_n1:-",Year-5 WR: held back by receptions pg; held back by targets pg; held back by rec yards pg.,veteran,,,,
Malachi Corley,WR,24.449007529089663,CLE,0.01627024996544724,0.015277163989529923,0.13434362494216445,Long shot,0.8897959653234754,0.018285371702637887,0.0,60.04938864999281,175.0,,,,,0.08412506704161499,,"receptions_pg_n1:-, targets_pg_n1:-, rz_target_share_n1:-",Year-3 WR: held back by receptions pg; held back by targets pg; held back by rz target share.,veteran,,,,
Jacoby Jones,WR,25.12251882272416,WAS,0.01626691584608139,0.015274033374547304,0.13425144798698188,Long shot,0.8896136272545495,0.018285371702637887,0.0,61.25977101587534,175.0,,,,,0.0841078280307963,,"receptions_pg_n1:-, targets_pg_n1:-, draft_pick:-",Year-2 WR: held back by receptions pg; held back by targets pg; held back by draft position.,veteran,,,,
Jamari Thrash,WR,25.700205338809035,CLE,0.016264987147022732,0.015272222397342397,0.1341981175866334,Long shot,0.8895081495486532,0.018285371702637887,0.0,60.16186240873482,175.0,,,,,0.08409785572318228,,"receptions_pg_n1:-, targets_pg_n1:-, rz_target_share_n1:-",Year-3 WR: held back by receptions pg; held back by targets pg; held back by rz target share.,veteran,,,,
Tahj Washington,WR,25.295003422313485,MIA,0.0162622980004589,0.015269697388007276,0.13412374968215504,Long shot,0.8893610840906706,0.018285371702637887,0.0,62.610459893792545,175.0,,,,,0.08408395153391368,,"receptions_pg_n1:-, targets_pg_n1:-, draft_pick:-",Year-3 WR: held back by receptions pg; held back by targets pg; held back by draft position.,veteran,,,,
Parris Campbell,WR,29.127994524298426,DAL,0.016261334226435598,0.01526879243978373,0.13409709372349443,Long shot,0.8893083767112978,0.018285371702637887,0.0,62.88571743629116,175.0,,,,,0.08407896835575136,,"receptions_pg_n1:-, targets_pg_n1:-, rec_yards_pg_n1:-",Year-8 WR: held back by receptions pg; held back by targets pg; held back by rec yards pg.,veteran,,,,
Dyami Brown,WR,26.833675564681723,WAS,0.016260694775069768,0.015268192018560956,0.13407940698780882,Long shot,0.8892734060595533,0.018285371702637887,0.0,46.511849011566,167.0,,,,,0.08331921430752827,,"receptions_pg_n1:-, targets_pg_n1:-, rec_yards_pg_n1:-",Year-6 WR: held back by receptions pg; held back by targets pg; held back by rec yards pg.,veteran,,,,
Devontez Walker,WR,25.201916495550993,BAL,0.016259811463005317,0.01526736262114597,0.13405497412544612,Long shot,0.8892250990259958,0.018285371702637887,0.0,46.85967403251879,160.0,,,,,0.08262267694193963,,"receptions_pg_n1:-, targets_pg_n1:-, rz_target_share_n1:-",Year-3 WR: held back by receptions pg; held back by targets pg; held back by rz target share.,veteran,,,,
Ryan Flournoy,WR,26.847364818617386,DAL,0.016258696841698592,0.015266316032892855,0.1340241412665416,Long shot,0.8891641420312543,0.018285371702637887,0.0,-9.41906357728517,68.0,,,,,0.06884105405371094,,"receptions_pg_n1:-, targets_pg_n1:-, draft_pick:-",Year-3 WR: held back by receptions pg; held back by targets pg; held back by draft position.,veteran,,,,
Justin Watson,WR,30.409308692676248,HOU,0.016252094208947413,0.015260116404521032,0.13384145534385314,Long shot,0.8888030537876817,0.018285371702637887,0.0,62.05700273544225,175.0,,,,,0.08403119299321482,,"receptions_pg_n1:-, targets_pg_n1:-, rec_yards_pg_n1:-",Year-9 WR: held back by receptions pg; held back by targets pg; held back by rec yards pg.,veteran,,,,
Jalin Hyatt,WR,24.933607118412045,NYG,0.016249742605195714,0.015257908335423792,0.13377637200002637,Long shot,0.8886744480480805,0.018285371702637887,0.0,61.519989722197266,175.0,,,,,0.08401903406365399,,"receptions_pg_n1:-, targets_pg_n1:-, rec_yards_pg_n1:-",Year-4 WR: held back by receptions pg; held back by targets pg; held back by rec yards pg.,veteran,,,,
Marquez Valdes-Scantling,WR,31.89322381930185,DAL,0.01624684059699278,0.0152551834568688,0.13369604279536867,Long shot,0.8885157415011135,0.018285371702637887,0.0,50.34992540863456,171.0,,,,,0.08363052223868891,,"receptions_pg_n1:-, targets_pg_n1:-, rec_yards_pg_n1:-",Year-9 WR: held back by receptions pg; held back by targets pg; held back by rec yards pg.,veteran,,,,
Ke'Shawn Williams,WR,24.67898699520876,CIN,0.016245151548400248,0.015253597502603243,0.13364928248504587,Long shot,0.8884233699256269,0.018285371702637887,0.0,63.44987471319282,175.0,,,,,0.08399529607797272,,"receptions_pg_n1:-, targets_pg_n1:-, draft_pick:-",Year-2 WR: held back by receptions pg; held back by targets pg; held back by draft position.,veteran,,,,
KeAndre Lambert-Smith,WR,24.876112251882272,LAC,0.016243744510117942,0.01525227634560664,0.13361032580862017,Long shot,0.8883464210779256,0.018285371702637887,0.0,61.54267689115441,175.0,,,,,0.08398802100905366,,"receptions_pg_n1:-, targets_pg_n1:-, rz_target_share_n1:-",Year-2 WR: held back by receptions pg; held back by targets pg; held back by rz target share.,veteran,,,,
Darius Cooper,WR,24.774811772758383,PHI,0.01624350697571742,0.015252053309574763,0.13360374886464485,Long shot,0.8883334306720218,0.018285371702637887,0.0,62.17936905033018,175.0,,,,,0.08398679284123749,,"receptions_pg_n1:-, targets_pg_n1:-, draft_pick:-",Year-2 WR: held back by receptions pg; held back by targets pg; held back by draft position.,veteran,,,,
Gage Larvadain,WR,23.66050650239562,CLE,0.01624350697571742,0.015252053309574763,0.13360374886464485,Long shot,0.8883334306720218,0.018285371702637887,0.0,61.46182054417839,175.0,,,,,0.08398679284123749,,"receptions_pg_n1:-, targets_pg_n1:-, draft_pick:-",Year-2 WR: held back by receptions pg; held back by targets pg; held back by draft position.,veteran,,,,
Beaux Collins,WR,23.709787816563995,NYG,0.01624350697571742,0.015252053309574763,0.13360374886464485,Long shot,0.8883334306720218,0.018285371702637887,0.0,63.45487677474533,175.0,,,,,0.08398679284123749,,"receptions_pg_n1:-, targets_pg_n1:-, draft_pick:-",Year-2 WR: held back by receptions pg; held back by targets pg; held back by draft position.,veteran,,,,
Xavier Restrepo,WR,24.38877481177276,TEN,0.01624350697571742,0.015252053309574763,0.13360374886464485,Long shot,0.8883334306720218,0.018285371702637887,0.0,18.30039504215878,117.0,,,,,0.07749264897645587,,"receptions_pg_n1:-, targets_pg_n1:-, draft_pick:-",Year-2 WR: held back by receptions pg; held back by targets pg; held back by draft position.,veteran,,,,
Jimmy Horn Jr.,WR,23.969883641341546,CAR,0.016242519890282133,0.015251126472796068,0.1335764170485714,Long shot,0.8882794484259213,0.018285371702637887,0.0,46.02235734895841,169.0,,,,,0.08341830826626877,,"receptions_pg_n1:-, targets_pg_n1:-, draft_pick:-",Year-2 WR: held back by receptions pg; held back by targets pg; held back by draft position.,veteran,,,,
Xavier Weaver,WR,25.88637919233402,ARI,0.01624160303728271,0.015250265581681532,0.13355102846247818,Long shot,0.8882293070881168,0.018285371702637887,0.0,65.71409025572366,175.0,,,,,0.08397694855803327,,"receptions_pg_n1:-, targets_pg_n1:-, rz_target_share_n1:-",Year-3 WR: held back by receptions pg; held back by targets pg; held back by rz target share.,veteran,,,,
Isaiah Williams,WR,25.587953456536617,NYJ,0.016240337097049858,0.015249076910543764,0.13351597097887632,Long shot,0.8881600746845628,0.018285371702637887,0.0,60.12051808067807,175.0,,,,,0.08397040303432064,,"receptions_pg_n1:-, targets_pg_n1:-, draft_pick:-",Year-3 WR: held back by receptions pg; held back by targets pg; held back by draft position.,veteran,,,,
Brycen Tremayne,WR,26.78713210130048,CAR,0.016239751209557087,0.015248526783820115,0.13349974517804297,Long shot,0.8881280333620074,0.018285371702637887,0.0,59.441422349680714,175.0,,,,,0.08396737371241637,,"receptions_pg_n1:-, targets_pg_n1:-, rz_target_share_n1:-",Year-4 WR: held back by receptions pg; held back by targets pg; held back by rz target share.,veteran,,,,
Ashton Dulin,WR,29.297741273100616,IND,0.016239695734975905,0.015248474695236608,0.13349820881309973,Long shot,0.8881249995390103,0.018285371702637887,0.0,21.072837175949513,119.0,,,,,0.07774740923648996,,"receptions_pg_n1:-, targets_pg_n1:-, rec_yards_pg_n1:-",Year-8 WR: held back by receptions pg; held back by targets pg; held back by rec yards pg.,veteran,,,,
Cedric Tillman,WR,26.368240930869266,CLE,0.016237788368256314,0.015246683748310456,0.13344538127180422,Long shot,0.8880206884672635,0.018285371702637887,0.0,15.358497946790058,122.0,,,,,0.07813923115157125,,"receptions_pg_n1:-, targets_pg_n1:-, rec_yards_pg_n1:-",Year-4 WR: held back by receptions pg; held back by targets pg; held back by rec yards pg.,veteran,,,,
Mason Tipton,WR,25.927446954141,NO,0.016237064688976968,0.01524600424018674,0.1334253362296215,Long shot,0.8879811115151995,0.018285371702637887,0.0,63.67699088805232,175.0,,,,,0.08395348310075454,,"receptions_pg_n1:-, targets_pg_n1:-, draft_pick:-",Year-3 WR: held back by receptions pg; held back by targets pg; held back by draft position.,veteran,,,,
Chris Blair,WR,28.90349075975359,ATL,0.016233341612200494,0.015242508408556583,0.13332219759409691,Long shot,0.8877775019393582,0.018285371702637887,0.0,61.17694148923745,175.0,,,,,0.08393423299186947,,"receptions_pg_n1:-, targets_pg_n1:-, rec_yards_pg_n1:-",Year-7 WR: held back by receptions pg; held back by targets pg; held back by rec yards pg.,veteran,,,,
Simi Fehoko,WR,28.82135523613963,ARI,0.016233341612200494,0.015242508408556583,0.13332219759409691,Long shot,0.8877775019393582,0.018285371702637887,0.0,62.884920573018334,175.0,,,,,0.08393423299186947,,"receptions_pg_n1:-, targets_pg_n1:-, rec_yards_pg_n1:-",Year-6 WR: held back by receptions pg; held back by targets pg; held back by rec yards pg.,veteran,,,,
Skyy Moore,WR,25.973990417522245,GB,0.016224244884634358,0.015233966917240157,0.13307009725338823,Long shot,0.8872800153301676,0.018285371702637887,0.0,60.514489074883784,175.0,,,,,0.08388719850758154,,"receptions_pg_n1:-, targets_pg_n1:-, rec_yards_pg_n1:-",Year-5 WR: held back by receptions pg; held back by targets pg; held back by rec yards pg.,veteran,,,,
Konata Mumpfield,WR,23.854893908281998,LA,0.01622204991967203,0.015231905926182737,0.1330092466903343,Long shot,0.8871599759348507,0.018285371702637887,0.0,18.12045879792168,120.0,,,,,0.07779755363496149,,"receptions_pg_n1:-, targets_pg_n1:-, draft_pick:-",Year-2 WR: held back by receptions pg; held back by targets pg; held back by draft position.,veteran,,,,
Dylan Drummond,WR,26.62286105407255,ATL,0.01622058624742187,0.01523053159198135,0.13296866509985336,Long shot,0.887079929859006,0.018285371702637887,0.0,61.35027662468406,175.0,,,,,0.08386828158243073,,"receptions_pg_n1:-, targets_pg_n1:-, draft_pick:-",Year-4 WR: held back by receptions pg; held back by targets pg; held back by draft position.,veteran,,,,
Mecole Hardman,WR,28.473648186173854,BUF,0.01621880872342825,0.01522886256258085,0.13291937684785954,Long shot,0.8869827196943713,0.018285371702637887,0.0,59.631175347634525,175.0,,,,,0.08385909092307091,,"receptions_pg_n1:-, targets_pg_n1:-, rec_yards_pg_n1:-",Year-8 WR: held back by receptions pg; held back by targets pg; held back by rec yards pg.,veteran,,,,
Tyler Johnson,WR,28.019164955509925,DAL,0.01621593724201674,0.015226166347555898,0.13283974345189456,Long shot,0.8868256826125878,0.018285371702637887,0.0,60.57410311114613,175.0,,,,,0.08384424397439065,,"receptions_pg_n1:-, targets_pg_n1:-, rec_yards_pg_n1:-",Year-7 WR: held back by receptions pg; held back by targets pg; held back by rec yards pg.,veteran,,,,
Ryan Miller,WR,26.529774127310063,NYG,0.016214342759067645,0.015224669186937989,0.13279551843741402,Long shot,0.8867384826926176,0.018285371702637887,0.0,60.3273311576057,175.0,,,,,0.083835999725822,,"receptions_pg_n1:-, targets_pg_n1:-, rec_yards_pg_n1:-",Year-4 WR: held back by receptions pg; held back by targets pg; held back by rec yards pg.,veteran,,,,
Casey Washington,WR,25.489390828199863,ATL,0.016213879424972016,0.015224234133329354,0.132782666473529,Long shot,0.8867131436345354,0.018285371702637887,0.0,61.96751350136968,175.0,,,,,0.0838336040642962,,"receptions_pg_n1:-, targets_pg_n1:-, rz_target_share_n1:-",Year-3 WR: held back by receptions pg; held back by targets pg; held back by rz target share.,veteran,,,,
Ronnie Bell,WR,26.5927446954141,NO,0.01621092045066779,0.015221455765708547,0.13270058189768458,Long shot,0.8865513216955371,0.018285371702637887,0.0,59.48699147959691,175.0,,,,,0.08381830473501448,,"receptions_pg_n1:-, targets_pg_n1:-, draft_pick:-",Year-4 WR: held back by receptions pg; held back by targets pg; held back by draft position.,veteran,,,,
Jahdae Walker,WR,24.15879534565366,CHI,0.016210312589653008,0.01522088500665903,0.13268371746670748,Long shot,0.8865180786734826,0.018285371702637887,0.0,35.76152896122957,146.0,,,,,0.08089647218927397,,"receptions_pg_n1:-, targets_pg_n1:-, draft_pick:-",Year-2 WR: held back by receptions pg; held back by targets pg; held back by draft position.,veteran,,,,
Efton Chism III,WR,24.84873374401095,NE,0.016208754070623138,0.015219421614833414,0.1326404752366358,Long shot,0.8864328455671934,0.018285371702637887,0.0,64.40440884553117,175.0,,,,,0.08380710350166642,,"receptions_pg_n1:-, targets_pg_n1:-, draft_pick:-",Year-2 WR: held back by receptions pg; held back by targets pg; held back by draft position.,veteran,,,,
Tylan Wallace,WR,27.304585900068446,CLE,0.01620809961350296,0.015218807103761346,0.13262231563326204,Long shot,0.8863970542728833,0.018285371702637887,0.0,60.7990567139386,175.0,,,,,0.0838037196416011,,"receptions_pg_n1:-, targets_pg_n1:-, rec_yards_pg_n1:-",Year-6 WR: held back by receptions pg; held back by targets pg; held back by rec yards pg.,veteran,,,,
Jake Bobo,WR,28.076659822039698,SEA,0.016205222988600235,0.015216106059188054,0.13254248768324775,Long shot,0.8862397359011539,0.018285371702637887,0.0,61.27639929687195,175.0,,,,,0.08378884609858184,,"receptions_pg_n1:-, targets_pg_n1:-, draft_pick:-",Year-4 WR: held back by receptions pg; held back by targets pg; held back by draft position.,veteran,,,,
Trent Sherfield,WR,30.51334702258727,BUF,0.016201167790550877,0.015212298377945195,0.13242992996952843,Long shot,0.8860179631029137,0.018285371702637887,0.0,58.21680890516036,175.0,,,,,0.08376787876197092,,"receptions_pg_n1:-, targets_pg_n1:-, rec_yards_pg_n1:-",Year-9 WR: held back by receptions pg; held back by targets pg; held back by rec yards pg.,veteran,,,,
Austin Trammell,WR,28.161533196440793,JAX,0.01619320717744082,0.015204823656155558,0.13220889128376798,Long shot,0.8855826089170915,0.018285371702637887,0.0,63.532409101461255,175.0,,,,,0.08372671853929468,,"receptions_pg_n1:-, targets_pg_n1:-, rec_yards_pg_n1:-",Year-6 WR: held back by receptions pg; held back by targets pg; held back by rec yards pg.,veteran,,,,
Greg Dortch,WR,28.26009582477755,DET,0.016191686483490567,0.015203395780683134,0.13216665470341948,Long shot,0.8854994444085991,0.018285371702637887,0.0,32.80934274602535,142.0,,,,,0.08035682431944308,,"receptions_pg_n1:-, targets_pg_n1:-, draft_pick:-",Year-8 WR: held back by receptions pg; held back by targets pg; held back by draft position.,veteran,,,,
Mitchell Tinsley,WR,26.962354551676935,CIN,0.01618938391549288,0.015201233754348417,0.13210269449384557,Long shot,0.885373520362037,0.018285371702637887,0.0,51.57210162068367,155.0,,,,,0.08175405761932075,,"receptions_pg_n1:-, targets_pg_n1:-, draft_pick:-",Year-4 WR: held back by receptions pg; held back by targets pg; held back by draft position.,veteran,,,,
Tez Johnson,WR,24.290212183436,TB,0.016187507046601005,0.01519947144375645,0.13205055263104298,Long shot,0.8852708771714911,0.018285371702637887,0.0,15.903525856213067,123.0,,,,,0.07802834180983247,,"receptions_pg_n1:-, targets_pg_n1:-, draft_pick:-",Year-2 WR: held back by receptions pg; held back by targets pg; held back by draft position.,veteran,,,,
Ben Skowronek,WR,29.180013689253936,PIT,0.016187319823248135,0.015199295647940743,0.13204535099591463,Long shot,0.8852606382025539,0.018285371702637887,0.0,58.63695287434799,175.0,,,,,0.08369627806866828,,"receptions_pg_n1:-, targets_pg_n1:-, rec_yards_pg_n1:-",Year-6 WR: held back by receptions pg; held back by targets pg; held back by rec yards pg.,veteran,,,,
Kameron Johnson,WR,24.45995893223819,TB,0.01618322346155058,0.015195449315552065,0.13193152675965295,Long shot,0.8850366142251269,0.018285371702637887,0.0,60.22778630838242,175.0,,,,,0.08367509789607318,,"receptions_pg_n1:-, targets_pg_n1:-, rec_yards_pg_n1:-",Year-3 WR: held back by receptions pg; held back by targets pg; held back by rec yards pg.,veteran,,,,
Xavier Smith,WR,28.944558521560573,LA,0.01617730895295448,0.015189895810355035,0.1317671322248664,Long shot,0.8847131584763304,0.018285371702637887,0.0,20.330380412072596,138.0,,,,,0.07982650933655565,,"receptions_pg_n1:-, targets_pg_n1:-, draft_pick:-",Year-4 WR: held back by receptions pg; held back by targets pg; held back by draft position.,veteran,,,,
Jason Brownlee,WR,27.586584531143053,KC,0.016175277111049994,0.015187987985826122,0.13171064325840678,Long shot,0.8846020400403736,0.018285371702637887,0.0,66.32656707820993,175.0,,,,,0.08363401141799094,,"receptions_pg_n1:-, targets_pg_n1:-, draft_pick:-",Year-4 WR: held back by receptions pg; held back by targets pg; held back by draft position.,veteran,,,,
Scott Miller,WR,29.086926762491444,CHI,0.016173222546306733,0.015186058825390569,0.1316535154505086,Long shot,0.8844896789258897,0.018285371702637887,0.0,59.97838375164895,175.0,,,,,0.08362338832386915,,"receptions_pg_n1:-, targets_pg_n1:-, draft_pick:-",Year-8 WR: held back by receptions pg; held back by targets pg; held back by draft position.,veteran,,,,
Lil'Jordan Humphrey,WR,28.369609856262834,DEN,0.01616956542580372,0.01518262492426596,0.13155181040305758,Long shot,0.8842896764013314,0.018285371702637887,0.0,48.02433807745827,172.0,,,,,0.08332648559547622,,"receptions_pg_n1:-, targets_pg_n1:-, draft_pick:-",Year-8 WR: held back by receptions pg; held back by targets pg; held back by draft position.,veteran,,,,
Michael Bandy,WR,28.739219712525667,DEN,0.016162310420069773,0.01517581274175015,0.13134998060136555,Long shot,0.8838929108418487,0.018285371702637887,0.0,62.31289927595914,175.0,,,,,0.0835669673498091,,"receptions_pg_n1:-, targets_pg_n1:-, draft_pick:-",Year-6 WR: held back by receptions pg; held back by targets pg; held back by draft position.,veteran,,,,
Devin Duvernay,WR,28.969199178644764,ARI,0.01615166883916902,0.01516582069019139,0.1310537769225402,Long shot,0.8833109384830796,0.018285371702637887,0.0,61.87610369159425,175.0,,,,,0.08351194522607985,,"receptions_pg_n1:-, targets_pg_n1:-, rec_yards_pg_n1:-",Year-7 WR: held back by receptions pg; held back by targets pg; held back by rec yards pg.,veteran,,,,
Charlie Jones,WR,27.84120465434634,CIN,0.016146711000910943,0.015161165463119707,0.13091571207614375,Long shot,0.8830398016235887,0.018285371702637887,0.0,59.99426094448323,175.0,,,,,0.08348631080271648,,"receptions_pg_n1:-, targets_pg_n1:-, rec_yards_pg_n1:-",Year-4 WR: held back by receptions pg; held back by targets pg; held back by rec yards pg.,veteran,,,,
Tom Kennedy,WR,30.091718001368925,DET,0.016146617633163697,0.015161077794252353,0.13091311159016603,Long shot,0.8830346954792475,0.018285371702637887,0.0,62.07283548311329,175.0,,,,,0.08348582804627369,,"receptions_pg_n1:-, targets_pg_n1:-, draft_pick:-",Year-8 WR: held back by receptions pg; held back by targets pg; held back by draft position.,veteran,,,,
KaVontae Turpin,WR,30.080766598220396,DAL,0.01614611293650183,0.015160603902721207,0.1308990544819719,Long shot,0.8830070943634446,0.018285371702637887,0.0,21.340825245116914,131.0,,,,,0.07883827128864782,,"receptions_pg_n1:-, targets_pg_n1:-, draft_pick:-",Year-8 WR: held back by receptions pg; held back by targets pg; held back by draft position.,veteran,,,,
Kalif Raymond,WR,32.06570841889117,CHI,0.01614607787358038,0.015160570979932552,0.13089807787279395,Long shot,0.8830051768240026,0.018285371702637887,0.0,33.20212782280648,141.0,,,,,0.08001716960002668,,"receptions_pg_n1:-, targets_pg_n1:-, rec_yards_pg_n1:-",Year-11 WR: held back by receptions pg; held back by targets pg; held back by rec yards pg.,veteran,,,,
Cody White,WR,27.759069130732374,SEA,0.01613779657790895,0.015152795149057987,0.13066736005185906,Long shot,0.8825522849820371,0.018285371702637887,0.0,63.41408145254025,175.0,,,,,0.08344021892125968,,"receptions_pg_n1:-, targets_pg_n1:-, rec_yards_pg_n1:-",Year-7 WR: held back by receptions pg; held back by targets pg; held back by rec yards pg.,veteran,,,,
Malik Cunningham,WR,27.904175222450377,DET,0.01613746775976508,0.015152486400961472,0.13065819673564175,Long shot,0.8825343024028904,0.018285371702637887,0.0,64.81062177743449,175.0,,,,,0.08343851877230951,,"receptions_pg_n1:-, targets_pg_n1:-, draft_pick:-",Year-4 WR: held back by receptions pg; held back by targets pg; held back by draft position.,veteran,,,,
Isaiah Hodgins,WR,27.863107460643395,NYG,0.016130668770760994,0.015146102401318012,0.13046868518205418,Long shot,0.8821624757255522,0.018285371702637887,0.0,60.93926809350632,175.0,,,,,0.08340336470848145,,"receptions_pg_n1:-, targets_pg_n1:-, rz_target_share_n1:-",Year-7 WR: held back by receptions pg; held back by targets pg; held back by rz target share.,veteran,,,,
Tim Patrick,WR,32.772073921971256,NYJ,0.0161300265903749,0.015145499417645971,0.1304507813083793,Long shot,0.882127355827716,0.018285371702637887,0.0,46.152086817413824,163.0,,,,,0.08226098108816458,,"receptions_pg_n1:-, targets_pg_n1:-, rec_yards_pg_n1:-",Year-10 WR: held back by receptions pg; held back by targets pg; held back by rec yards pg.,veteran,,,,
Britain Covey,WR,29.456536618754278,PHI,0.016126572085677943,0.015142255765282293,0.13035445829466105,Long shot,0.8819384340626496,0.018285371702637887,0.0,58.192944816075865,175.0,,,,,0.08338218286382683,,"receptions_pg_n1:-, targets_pg_n1:-, draft_pick:-",Year-5 WR: held back by receptions pg; held back by targets pg; held back by draft position.,veteran,,,,
Gunner Olszewski,WR,29.763175906913073,NYG,0.016126401293319357,0.015142095397563556,0.13034969551191866,Long shot,0.8819290936805473,0.018285371702637887,0.0,60.11653600927063,175.0,,,,,0.08338129978467028,,"receptions_pg_n1:-, targets_pg_n1:-, draft_pick:-",Year-8 WR: held back by receptions pg; held back by targets pg; held back by draft position.,veteran,,,,
Braxton Berrios,WR,30.90485968514716,NYG,0.016123445159447487,0.015139319697003854,0.13026725173230094,Long shot,0.8817674270806036,0.018285371702637887,0.0,57.6628409628409,175.0,,,,,0.08336601514179859,,"receptions_pg_n1:-, targets_pg_n1:-, draft_pick:-",Year-9 WR: held back by receptions pg; held back by targets pg; held back by draft position.,veteran,,,,
Kendrick Bourne,WR,31.07734428473648,ARI,0.01611907765737872,0.015135218773817618,0.13014541898544063,Long shot,0.8815285748363183,0.018285371702637887,0.0,19.888580951887562,124.0,,,,,0.07782796408576427,,"receptions_pg_n1:-, targets_pg_n1:-, draft_pick:-",Year-10 WR: held back by receptions pg; held back by targets pg; held back by draft position.,veteran,,,,
Tim Jones,WR,28.298425735797398,JAX,0.016118164806960548,0.015134361640979097,0.13011995064949117,Long shot,0.881478652393777,0.018285371702637887,0.0,60.992715676066695,175.0,,,,,0.08333871316377671,,"receptions_pg_n1:-, targets_pg_n1:-, rec_yards_pg_n1:-",Year-6 WR: held back by receptions pg; held back by targets pg; held back by rec yards pg.,veteran,,,,
David Sills,WR,30.258726899383984,TB,0.0161164013519599,0.015132705821843544,0.13007074660126358,Long shot,0.8813822116416105,0.018285371702637887,0.0,46.8396657842712,165.0,,,,,0.08238684690347191,,"receptions_pg_n1:-, targets_pg_n1:-, draft_pick:-",Year-8 WR: held back by receptions pg; held back by targets pg; held back by draft position.,veteran,,,,
Malik Turner,WR,30.587268993839835,SF,0.016111128842273163,0.015127755129918605,0.12992360103110262,Long shot,0.8810938658659554,0.018285371702637887,0.0,60.34193424811704,175.0,,,,,0.08330233382097094,,"receptions_pg_n1:-, targets_pg_n1:-, draft_pick:-",Year-9 WR: held back by receptions pg; held back by targets pg; held back by draft position.,veteran,,,,
Samori Toure,WR,28.44079397672827,PHI,0.01610949762892809,0.015126223480815026,0.1298780674107016,Long shot,0.8810046572148216,0.018285371702637887,0.0,58.61679572124529,175.0,,,,,0.08329389965847774,,"receptions_pg_n1:-, targets_pg_n1:-, draft_pick:-",Year-5 WR: held back by receptions pg; held back by targets pg; held back by draft position.,veteran,,,,
Mason Kinsey,WR,28.008213552361397,TEN,0.016103647443572754,0.015120730372766135,0.1297147282384124,Long shot,0.8806847192091593,0.018285371702637887,0.0,60.00783089025422,175.0,,,,,0.08326365136872997,,"receptions_pg_n1:-, targets_pg_n1:-, draft_pick:-",Year-7 WR: held back by receptions pg; held back by targets pg; held back by draft position.,veteran,,,,
Fernando Mendoza,QB,,LV,,,,,,,,,,,,,,,,,,rookie (heuristic),1.0,1.0,0.9394309802512135,
Ty Simpson,QB,,LA,,,,,,,,,,,,,,,,,,rookie (heuristic),1.0,13.0,0.8165621055108867,
Carson Beck,QB,,ARI,,,,,,,,,,,,,,,,,,rookie (heuristic),3.0,65.0,0.7090999869978555,
Drew Allar,QB,,PIT,,,,,,,,,,,,,,,,,,rookie (heuristic),3.0,76.0,0.6086812743769163,
Cade Klubnik,QB,,NYJ,,,,,,,,,,,,,,,,,,rookie (heuristic),4.0,110.0,0.4684969974902341,
Garrett Nussmeier,QB,,KC,,,,,,,,,,,,,,,,,,rookie (heuristic),7.0,249.0,0.31167646844006613,
Taylen Green,QB,,CLE,,,,,,,,,,,,,,,,,,rookie (heuristic),6.0,182.0,0.29211563640328575,
Cole Payton,QB,,PHI,,,,,,,,,,,,,,,,,,rookie (heuristic),5.0,178.0,0.23053166878869136,
Athan Kaliakmanis,QB,,WAS,,,,,,,,,,,,,,,,,,rookie (heuristic),7.0,223.0,0.17236978239198528,
Behren Morton,QB,,NE,,,,,,,,,,,,,,,,,,rookie (heuristic),7.0,234.0,0.1308336316727925,
Jeremiyah Love,RB,,ARI,,,,,,,,,,,,,,,,,,rookie (heuristic),1.0,3.0,0.9650347576517359,
Jadarian Price,RB,,SEA,,,,,,,,,,,,,,,,,,rookie (heuristic),1.0,32.0,0.8861212557942212,
Mike Washington Jr.,RB,,LV,,,,,,,,,,,,,,,,,,rookie (heuristic),4.0,122.0,0.5887297176884678,
Kaelon Black,RB,,SF,,,,,,,,,,,,,,,,,,rookie (heuristic),3.0,90.0,0.5467187324325142,
Emmett Johnson,RB,,KC,,,,,,,,,,,,,,,,,,rookie (heuristic),5.0,161.0,0.5149021694197575,
Jonah Coleman,RB,,DEN,,,,,,,,,,,,,,,,,,rookie (heuristic),4.0,108.0,0.37908493454406555,
Adam Randall,RB,,BAL,,,,,,,,,,,,,,,,,,rookie (heuristic),5.0,174.0,0.2961350385789731,
Demond Claiborne,RB,,MIN,,,,,,,,,,,,,,,,,,rookie (heuristic),6.0,198.0,0.27205948783068296,
Kaytron Allen,RB,,WAS,,,,,,,,,,,,,,,,,,rookie (heuristic),6.0,187.0,0.24699483467036368,
Nicholas Singleton,RB,,TEN,,,,,,,,,,,,,,,,,,rookie (heuristic),5.0,165.0,0.23303064743058138,
Seth McGowan,RB,,IND,,,,,,,,,,,,,,,,,,rookie (heuristic),7.0,237.0,0.13502088314445515,
Jam Miller,RB,,NE,,,,,,,,,,,,,,,,,,rookie (heuristic),7.0,245.0,0.12888565323818377,
Kenyon Sadiq,TE,,NYJ,,,,,,,,,,,,,,,,,,rookie (heuristic),1.0,16.0,0.8977314713173533,
Nate Boerkircher,TE,,JAX,,,,,,,,,,,,,,,,,,rookie (heuristic),2.0,56.0,0.7817213485202937,
Marlin Klein,TE,,HOU,,,,,,,,,,,,,,,,,,rookie (heuristic),2.0,59.0,0.6829306937950085,
Max Klare,TE,,LA,,,,,,,,,,,,,,,,,,rookie (heuristic),2.0,61.0,0.6282963634377736,
Eli Stowers,TE,,PHI,,,,,,,,,,,,,,,,,,rookie (heuristic),2.0,54.0,0.6146137133263375,
Oscar Delp,TE,,NO,,,,,,,,,,,,,,,,,,rookie (heuristic),3.0,73.0,0.5599399452641287,
Eli Raridon,TE,,NE,,,,,,,,,,,,,,,,,,rookie (heuristic),3.0,95.0,0.43451744984162044,
Will Kacmarek,TE,,MIA,,,,,,,,,,,,,,,,,,rookie (heuristic),3.0,87.0,0.4166344077484476,
Sam Roush,TE,,CHI,,,,,,,,,,,,,,,,,,rookie (heuristic),3.0,69.0,0.3771906337846685,
Matthew Hibner,TE,,BAL,,,,,,,,,,,,,,,,,,rookie (heuristic),4.0,133.0,0.3172491535030737,
Tanner Koziol,TE,,JAX,,,,,,,,,,,,,,,,,,rookie (heuristic),5.0,164.0,0.27999027532128207,
Max Bredeson,TE,,MIN,,,,,,,,,,,,,,,,,,rookie (heuristic),5.0,159.0,0.2730603428669999,
Riley Nowakowski,TE,,PIT,,,,,,,,,,,,,,,,,,rookie (heuristic),5.0,169.0,0.2666659277589178,
Joe Royer,TE,,CLE,,,,,,,,,,,,,,,,,,rookie (heuristic),5.0,170.0,0.26020188421918466,
Justin Joly,TE,,DEN,,,,,,,,,,,,,,,,,,rookie (heuristic),5.0,152.0,0.25456319778627595,
Bauer Sharp,TE,,TB,,,,,,,,,,,,,,,,,,rookie (heuristic),6.0,185.0,0.20883049961232314,
Seydou Traore,TE,,MIA,,,,,,,,,,,,,,,,,,rookie (heuristic),5.0,180.0,0.17912856627031334,
Josh Cuevas,TE,,BAL,,,,,,,,,,,,,,,,,,rookie (heuristic),5.0,173.0,0.17569993232716893,
Jaren Kanak,TE,,TEN,,,,,,,,,,,,,,,,,,rookie (heuristic),7.0,225.0,0.1137029555008385,
Carsen Ryan,TE,,CLE,,,,,,,,,,,,,,,,,,rookie (heuristic),7.0,248.0,0.11131029420621436,
Jack Endries,TE,,CIN,,,,,,,,,,,,,,,,,,rookie (heuristic),7.0,221.0,0.10227766410512185,
Dallen Bentley,TE,,DEN,,,,,,,,,,,,,,,,,,rookie (heuristic),7.0,256.0,0.07876076254137328,
Omar Cooper Jr.,WR,,NYJ,,,,,,,,,,,,,,,,,,rookie (heuristic),1.0,30.0,0.8636673862124086,
Carnell Tate,WR,,TEN,,,,,,,,,,,,,,,,,,rookie (heuristic),1.0,4.0,0.8527279737897939,
De'Zhaun Stribling,WR,,SF,,,,,,,,,,,,,,,,,,rookie (heuristic),2.0,33.0,0.8096846598629346,
Jordyn Tyson,WR,,NO,,,,,,,,,,,,,,,,,,rookie (heuristic),1.0,8.0,0.8091926238623997,
Makai Lemon,WR,,PHI,,,,,,,,,,,,,,,,,,rookie (heuristic),1.0,20.0,0.7627232396405802,
Zachariah Branch,WR,,ATL,,,,,,,,,,,,,,,,,,rookie (heuristic),3.0,79.0,0.7382523921902436,
KC Concepcion,WR,,CLE,,,,,,,,,,,,,,,,,,rookie (heuristic),1.0,24.0,0.7182077160895471,
Chris Brazzell II,WR,,CAR,,,,,,,,,,,,,,,,,,rookie (heuristic),3.0,83.0,0.7160134931139338,
Germie Bernard,WR,,PIT,,,,,,,,,,,,,,,,,,rookie (heuristic),2.0,47.0,0.7095309991513423,
Antonio Williams,WR,,WAS,,,,,,,,,,,,,,,,,,rookie (heuristic),3.0,71.0,0.6817480148698761,
Zavion Thomas,WR,,CHI,,,,,,,,,,,,,,,,,,rookie (heuristic),3.0,89.0,0.6511871548063258,
Ted Hurst,WR,,TB,,,,,,,,,,,,,,,,,,rookie (heuristic),3.0,84.0,0.603109382873497,
Denzel Boston,WR,,CLE,,,,,,,,,,,,,,,,,,rookie (heuristic),2.0,39.0,0.5849724043918587,
Brenen Thompson,WR,,LAC,,,,,,,,,,,,,,,,,,rookie (heuristic),4.0,105.0,0.5781616094857897,
Cyrus Allen,WR,,KC,,,,,,,,,,,,,,,,,,rookie (heuristic),5.0,176.0,0.5285216677032324,
Ja'Kobi Lane,WR,,BAL,,,,,,,,,,,,,,,,,,rookie (heuristic),3.0,80.0,0.5040521000376967,
Skyler Bell,WR,,BUF,,,,,,,,,,,,,,,,,,rookie (heuristic),4.0,125.0,0.4584986646149772,
Caleb Douglas,WR,,MIA,,,,,,,,,,,,,,,,,,rookie (heuristic),3.0,75.0,0.45525355913063226,
Reggie Virgil,WR,,ARI,,,,,,,,,,,,,,,,,,rookie (heuristic),5.0,143.0,0.4548304451569411,
Malachi Fields,WR,,NYG,,,,,,,,,,,,,,,,,,rookie (heuristic),3.0,74.0,0.4290806305091523,
Kaden Wetjen,WR,,PIT,,,,,,,,,,,,,,,,,,rookie (heuristic),4.0,121.0,0.4210895340320478,
Kendrick Law,WR,,DET,,,,,,,,,,,,,,,,,,rookie (heuristic),5.0,168.0,0.40327131313751646,
Colbie Young,WR,,CIN,,,,,,,,,,,,,,,,,,rookie (heuristic),4.0,140.0,0.38732530692788275,
Josh Cameron,WR,,JAX,,,,,,,,,,,,,,,,,,rookie (heuristic),6.0,191.0,0.33624875330323206,
Emmanuel Henderson Jr.,WR,,SEA,,,,,,,,,,,,,,,,,,rookie (heuristic),6.0,199.0,0.3337877725903385,
Chris Bell,WR,,MIA,,,,,,,,,,,,,,,,,,rookie (heuristic),3.0,94.0,0.33173949712958717,
CJ Williams,WR,,JAX,,,,,,,,,,,,,,,,,,rookie (heuristic),6.0,203.0,0.3272744699727032,
Elijah Sarratt,WR,,BAL,,,,,,,,,,,,,,,,,,rookie (heuristic),4.0,115.0,0.32433766847478945,
Bryce Lance,WR,,NO,,,,,,,,,,,,,,,,,,rookie (heuristic),4.0,136.0,0.27471619626893795,
Lewis Bond,WR,,HOU,,,,,,,,,,,,,,,,,,rookie (heuristic),6.0,204.0,0.26512369376674016,
Malik Benson,WR,,LV,,,,,,,,,,,,,,,,,,rookie (heuristic),6.0,195.0,0.2353890326657896,
Deion Burks,WR,,IND,,,,,,,,,,,,,,,,,,rookie (heuristic),7.0,254.0,0.20890570284280383,
CJ Daniels,WR,,LA,,,,,,,,,,,,,,,,,,rookie (heuristic),6.0,197.0,0.18730350779891253,
Barion Brown,WR,,NO,,,,,,,,,,,,,,,,,,rookie (heuristic),6.0,190.0,0.17154920306254512,
Kevin Coleman Jr.,WR,,MIA,,,,,,,,,,,,,,,,,,rookie (heuristic),5.0,177.0,0.15172346931438188,
Anthony Smith,WR,,DAL,,,,,,,,,,,,,,,,,,rookie (heuristic),7.0,218.0,0.1335397635241999,
